mz,MSS1a.mzML,MSS2a.mzML,MSS3a.mzML,MSS4a.mzML,MSS5a.mzML,MSS5a1.mzML,MSS5a2.mzML,MSS5a3.mzML,MSS6a.mzML,MSS13a.mzML,MSS13a1.mzML,MSS13a2.mzML,MSS13a3.mzML,MSS1b.mzML,MSS2b.mzML,MSS3b.mzML,MSS4b.mzML,MSS5b.mzML,MSS5b1.mzML,MSS5b2.mzML,MSS5b3.mzML,MSS6b.mzML,MSS13b.mzML,MSS13b1.mzML,MSS13b2.mzML,MSS13b3.mzML,MSS10a.mzML,MSS11a.mzML,MSS11a1.mzML,MSS11a2.mzML,MSS11a3.mzML,MSS14a.mzML,MSS14a1.mzML,MSS14a2.mzML,MSS14a3.mzML,MSS10b.mzML,MSS11b.mzML,MSS11b1.mzML,MSS11b2.mzML,MSS11b3.mzML,MSS14b.mzML,MSS14b1.mzML,MSS14b2.mzML,MSS14b3.mzML,n_blank,pval,qval
283.11776707629673,1.6322276327606458,0.11864998324115297,0.19670607670260298,0.06885599062604868,0.014767174923540913,0.0030589126176914197,0.009617125002132876,0.009728693593112406,0.2098657160506958,0.3934915147600312,0.38942490112564054,0.11889318362819405,0.13919429514337697,0.11161697830094254,0.22284317629202313,0.5813777675544091,0.15104801108599036,0.049616417054801756,0.029181766336390653,0.025115099448175682,0.026799474098473174,0.18657771075778626,0.3935035036701772,0.17912652116858035,0.6815453097135459,0.24334834316442033,nan,nan,nan,nan,nan,nan,nan,nan,nan,nan,nan,nan,nan,nan,nan,0.007089283898856625,nan,0.002208922769079835,0,5.3934352116060715e-20,4.3471087805544935e-16
327.07823397475806,1.4375350266699423,0.32111074656732835,0.29283913792565125,0.49143280375627874,0.07129158978032915,0.02976894464216078,0.04036460396816241,0.06365951539484885,0.28969511560339667,0.3304586541714185,0.0696408353404078,0.10493944205209461,0.15429881191109573,0.36661304091019925,0.8408078878870141,0.8427267289348999,0.9042059972690546,0.4469867843114367,0.14645095217616078,0.5774194133109568,0.1322008437721927,0.41721740876140356,0.22095493559139243,0.06628143034824856,0.15505053427343377,0.0688195871864836,nan,nan,nan,nan,nan,0.06817635075069704,nan,nan,nan,nan,nan,nan,nan,nan,0.06466435820839357,nan,nan,nan,1,3.0324354482295542e-18,1.2220714856365104e-14
328.08160149850664,0.27967657122457446,0.06205593752303436,0.05580349789065467,0.09277200042702337,0.014879888829346825,0.007472959207117026,0.00957079766297471,0.011915606162416523,0.0564321530370955,0.06409465212005111,0.015797952818626705,0.021003913515411917,0.02951566448101039,0.07158152870685333,0.1499478152246506,0.16543767920382996,0.17241919650684917,0.08786244910689879,0.028413748937136586,0.1192035513368477,0.02627760836750434,0.07688676630166827,0.043735982995552466,0.011828334710089938,0.03680247397489451,0.016119918704699292,nan,nan,nan,nan,nan,0.015019896950881757,nan,nan,nan,nan,nan,nan,nan,nan,0.014874689714770021,nan,nan,nan,1,5.0421936321654126e-18,1.3546693558417741e-14
349.06022441197956,0.05413432916845155,0.01526305983348638,0.14683630630125677,0.07834209234104755,0.03425430379682394,0.004241964195443976,0.012147349561228987,0.025822354168574965,0.037331854229265854,0.03972072635545278,0.02026010501587895,0.01951066677236068,0.021465410824931114,0.014276035807381763,0.018917734527241648,0.03910118093951131,0.12538820125403127,0.009098555422186377,0.014713970390036645,0.07691588996967824,0.01676612834972017,0.00988884025131426,0.026183436776694588,0.006869781071305469,0.02706608057855185,0.0101540826780551,nan,0.00239163915535328,nan,nan,nan,0.010703937489791029,nan,nan,nan,nan,0.004860934599623053,nan,nan,nan,0.013874444505970881,nan,nan,nan,0,7.9282700550281622e-14,1.5975464160881747e-10
273.02891600759403,0.00734923253860112,0.005122114382772146,0.021607383374684236,0.007275342471375243,0.001323738847547298,nan,0.001451930316892223,nan,0.006142935295407666,0.010484634731371486,0.0064359300528307895,0.008055021311814852,0.015012957636550946,0.001779350090541672,0.0061651161447307725,0.06773845756439903,0.02257547760180673,0.004998036050430537,0.0036307116789033485,nan,0.00644476386629104,0.008080949623056548,0.003903085120340407,0.005603501254271811,0.011126897986093174,0.0057456951883944445,nan,nan,nan,nan,nan,nan,nan,nan,nan,nan,nan,nan,nan,nan,nan,nan,nan,nan,1,1.4396434334041002e-13,2.3207052146474095e-10
305.0996533141886,0.20730177276968473,0.024856767998069934,0.41565296913917027,0.02256171236265897,0.017631532949815783,nan,nan,0.008976160278949093,0.09245045491098404,0.14682825090606152,0.2883416596427639,0.05835610485154619,0.050064447506790045,0.0058640784590297205,0.012718941020976648,0.0275873864840298,0.045464783367852805,0.0012949403129876621,0.008182985362221415,0.022787397262594353,0.010019631176335699,0.008918256305405605,0.168711791645042,0.04952288033476009,0.23059204522329824,0.10123429558214674,nan,nan,nan,nan,nan,0.0049111918577382395,nan,nan,nan,nan,nan,nan,nan,nan,nan,nan,nan,nan,0,2.0066598873075604e-13,2.6956131152831559e-10
345.1081441090519,0.07491725441397988,0.01804231799036424,0.016963824159142597,0.027279333582774363,0.004736064715491057,0.0014717227140277043,0.0020205174014009857,0.0038837156235223247,0.01772660089367298,0.01382940783676871,0.006180338720384015,0.007136806441249074,0.00766330298674369,0.020997541325639753,0.045469917854006094,0.04039324043408258,0.04368726527797729,0.025261641413200198,0.007706854887220912,0.03203226024358693,0.006519977130193104,0.02130300244574096,0.009283608473013991,0.003956814699533919,nan,0.0017227709892902088,nan,nan,nan,nan,nan,0.002234361631187654,nan,nan,nan,nan,0.0017651484634048865,nan,nan,nan,0.003927099214156048,nan,nan,nan,0,1.0263813350173712e-12,1.1818047943200017e-09
284.1213550485767,0.23082131796114796,0.12748519016709878,0.037750637731970044,0.010997101930323475,0.003554734395843554,nan,nan,0.0014608294834515803,0.03191565505743506,0.16884308694189118,0.12196750859879055,0.050681502718483706,0.10121001551015307,0.01864481326733123,0.03676097752201387,0.09806211544171356,0.02647062271462009,0.008221292731462035,0.004883934274919473,nan,0.005178153775334747,0.02607023033930357,0.06013447440429605,0.026286492436235265,0.11107421286661667,0.03624396149106804,nan,nan,nan,nan,nan,0.0016615135519723882,nan,nan,nan,nan,nan,nan,nan,nan,nan,nan,nan,nan,0,7.1334877213137884e-12,7.1869888792236416e-09
207.06540928225544,0.6922840400985271,0.05174736946866747,0.08294684336379503,0.03070594278461219,0.006082812358275773,nan,nan,nan,0.08901328704908043,0.214603661178216,0.18029102607666433,0.05858692361440736,0.08062063042832379,0.04874687915164354,0.10907830714632291,0.27306243395179464,0.016775191211184724,0.024627673852707,0.014673813352613307,nan,0.012783945418502812,0.08137828371193946,0.20941091164362294,0.08907327392122777,0.3356396108518087,0.12185841226856753,nan,nan,nan,nan,nan,nan,nan,nan,nan,nan,nan,nan,nan,nan,nan,nan,nan,nan,0,1.1508333388148502e-11,1.030635190094188e-08
328.1793362503264,nan,nan,nan,nan,nan,nan,0.006292550172745771,nan,nan,nan,nan,nan,nan,nan,nan,nan,0.0001992316552426815,nan,nan,nan,nan,nan,nan,nan,nan,nan,0.0003284471306206852,0.013333586563671226,0.005322781413047673,0.0064791906909835405,0.008044087174830341,nan,0.00766056155503066,0.005777006035105286,0.007857010691275777,0.005058776376966546,0.008610663267112519,0.011157184425745715,0.0032930754258959833,0.0009453337109189718,nan,nan,0.0015383929399123478,0.018033248801383073,1,4.9988709745815413e-10,4.029090005512722e-07
150.02686429023743,0.05554694524705346,0.03987787030023554,0.012702722440150936,0.01857474555372869,0.003555399536156618,nan,0.007090333250272814,0.007641684109641477,0.010031785772257025,0.015054649162479415,0.008710323439045004,0.008405588466683472,0.016887538039696334,0.015224247606498795,0.043209432428896195,0.047086540192127865,0.04957498776809093,0.013345440446808913,0.009952305741593403,nan,0.010004767864512078,0.012357793544789782,0.012482372192705536,0.007444246274087783,nan,0.006970255932215518,nan,nan,nan,nan,nan,0.008468959532749556,nan,nan,nan,0.006256873771356305,nan,nan,nan,nan,nan,nan,nan,nan,6,6.6871947959532846e-10,4.8998900050348611e-07
305.12813866933186,nan,nan,nan,nan,nan,nan,0.013210153302159279,0.009624104460134106,nan,nan,nan,nan,nan,nan,nan,nan,nan,nan,nan,nan,nan,nan,nan,nan,nan,nan,nan,0.033585858445563485,0.00944522325448321,0.011316823441777358,0.01450374811476108,0.00878400263976527,0.014636601033847998,0.013069932406278106,0.01581223672358049,0.009145787694937261,0.01877028806324402,0.013924186664919127,0.006619669174841194,nan,0.006898569471278047,nan,0.004508019322340365,0.033614324726936415,1,1.7767390283495625e-09,1.1933763807081229e-06
245.1152331191326,nan,nan,nan,nan,nan,0.0008121773931780252,nan,nan,0.004690991880357663,nan,nan,nan,nan,nan,nan,0.005349123167520609,nan,nan,nan,nan,nan,nan,nan,nan,nan,nan,0.0007615873162140114,0.020885220864085348,0.0034403010038529785,0.0034700431145152184,0.004339965762559293,0.0065675621586534965,0.003250069538643642,0.003243248258099374,0.004290166928648578,0.006135985534415904,0.012480211762567825,0.005221811684485497,0.0009913468505490406,0.0007561274244455552,nan,nan,0.0009503843266808569,0.008237747251629741,3,2.0537156975779474e-09,1.2733037324983274e-06
344.10486767807726,0.4054192818501026,0.09455626025411969,0.07957984383714356,0.1283231258466153,0.01767806273760707,0.009561586198718778,0.012780659793084374,0.020167529400140705,0.09016995389248858,0.06667605382163348,nan,0.02438969188470265,0.0416583829773765,0.09861028748075086,0.20558128952251253,0.22995872772760173,0.21321851840549275,0.11903102465559921,0.040795188209517025,0.13349840488167786,0.0349083806950091,0.10959431105216236,0.04341971518435384,0.016010396339298724,0.0025082890456343825,nan,nan,0.002238323009473589,nan,nan,nan,0.015439409415381399,nan,nan,nan,0.0013078929848511479,0.004189809065546506,nan,nan,nan,0.014316209436543258,nan,nan,nan,8,3.4540557482720952e-09,1.9885492379337919e-06
286.12874444097065,0.05957723966213568,0.0071938616073330365,0.01134630667219842,0.001849606995712979,nan,nan,nan,nan,0.009363471223197271,0.02276684203856205,0.017260015741090994,0.004823065247984047,0.008440160203716561,0.003475332910886893,0.010111416848266669,0.042594596370610804,0.004525114182649622,0.004535660308922917,0.0009715617262317079,nan,nan,0.010691402008350266,0.018504118480277887,0.007736790699930908,0.02753918684176995,0.009300510962518901,nan,nan,nan,nan,nan,nan,nan,nan,nan,nan,nan,nan,nan,nan,nan,nan,nan,nan,1,6.2985217454224044e-09,3.384405684540305e-06
327.0082189509299,0.00017072388743714703,nan,nan,nan,nan,nan,0.028609416716623235,nan,nan,nan,nan,nan,nan,nan,nan,0.003223202784934916,nan,nan,nan,nan,nan,nan,nan,nan,0.21001096121816856,nan,0.0008009458640583268,0.023140885002628748,0.03854933647080399,0.024586867671615168,0.0255611954130853,nan,0.011307494593337327,0.011908039360136003,0.013458258909084246,0.03906816717101129,0.02467271895256616,0.1043896592135266,0.03132396436754102,0.017262475065710905,nan,0.048423651817997314,0.019170350011721328,0.017438959517968023,11,1.1975259336215922e-08,6.0325368906187712e-06
350.0636133879134,0.008672607511076959,0.0036811907865064372,0.028892494841813908,0.01623524529064846,0.006772321434779072,nan,0.001984470608194859,0.005437831838168255,0.0077573201707323005,0.008355073490400997,0.004353966667261082,0.00519268208871472,nan,0.0036323375098053935,0.004703936774718095,0.006089039483740721,0.02232188105037638,0.001302692923717935,0.003345193147734252,0.008332876612315833,0.004171604525027091,0.0008567849241419877,0.006747749927315401,0.0014009952118000395,nan,0.0031555948839098224,nan,nan,nan,nan,nan,0.002262386983163563,nan,nan,nan,nan,0.0015955757316741706,nan,nan,nan,0.004160501272855869,nan,nan,nan,0,1.7628378613069684e-08,8.3579253894906859e-06
327.1759684989416,nan,nan,nan,nan,nan,nan,0.029120165468143645,nan,nan,nan,nan,nan,nan,nan,nan,0.001051159771126314,nan,nan,nan,nan,nan,nan,nan,nan,0.04805674178923925,nan,0.0018653176437373388,0.06736054718875803,0.024302207948578507,0.02433507298511615,0.03512158748312381,nan,0.032721517534130405,0.03193755411323691,0.034258739037895405,0.023810695626676093,0.04222661133119854,0.03635239804288488,0.011619241555924479,0.0067478535095973355,nan,nan,0.013235501794108007,0.07730338036031972,8,2.3295475807375517e-08,1.0431196389302594e-05
364.96413469195664,nan,nan,nan,nan,nan,0.00145831449108865,nan,nan,nan,nan,nan,nan,nan,nan,nan,nan,nan,nan,nan,nan,nan,nan,nan,nan,nan,nan,0.00017032415680366867,0.009072466582186892,0.00554080784594191,0.005887894043133091,0.0093556122606045,nan,0.008022712499780383,0.008310222622344382,0.0073396553273424895,0.004062854020506288,0.008109285538320455,nan,0.001391517225035492,0.0007300716305162165,nan,nan,nan,0.009535373969594607,2,4.2922923269291936e-08,1.820835587107858e-05
208.06878823447826,0.0809537618836152,0.006644390822614934,0.010907923641414869,0.0036686512423814155,nan,nan,nan,nan,0.010164214176431867,0.025770797228278932,0.022388011312847966,0.007358835595224361,0.013490911098008578,0.006799249933442726,0.014455447941722236,0.030448630054115383,nan,0.0037765656732497203,0.0026182049039260302,nan,0.00144143723480215,0.01192063044648479,0.027070541299450992,0.01403172095799191,0.043425554093403894,0.015855385262589186,nan,nan,nan,nan,nan,0.0017398848155095062,nan,nan,nan,nan,nan,nan,nan,nan,nan,nan,nan,nan,0,5.9923912387652198e-08,2.4149336692223833e-05
177.05479457191234,0.41758955826354766,0.35214394595056053,0.07551943435324673,0.13450002198702132,0.025043547940228575,nan,nan,nan,0.06565810928240057,0.05501047499669373,nan,0.0317262624996173,0.055369686464101384,0.09524979324369137,0.3684375344532404,0.2771851341842681,0.31498233668408626,0.06924140097948477,0.03987430199265886,nan,0.0444797611906639,0.08067928556118883,0.04192202553729067,0.0323668256318099,0.10773163586028803,0.030928639454967308,nan,nan,nan,nan,nan,nan,nan,nan,nan,nan,nan,0.023709628781504354,0.008116843875551448,nan,nan,nan,nan,nan,6,6.4683362117183806e-08,2.4826090412595307e-05
366.03749248938647,0.024859451623202865,0.006436880187915184,0.03489770620277032,0.014624652744748397,0.006840190236073608,0.000814956581876226,nan,0.00388242932507662,0.009944087588686513,0.008936577888783236,nan,0.002556815240197596,nan,nan,0.010662892522974672,0.017887309183342196,0.02569656093506193,0.0031480276366155605,0.0013812024317482296,nan,0.001779850180035336,0.0031665277130762696,0.0069829258417326515,nan,nan,0.001501755059539228,nan,nan,nan,nan,nan,nan,nan,nan,nan,nan,nan,nan,nan,nan,nan,nan,nan,nan,0,7.446174143062383e-08,2.7280074360492183e-05
269.10217262550634,0.04347600430758363,0.0051155967441294855,nan,0.00154803375496401,nan,nan,nan,nan,0.008132761800274781,0.018613774266057658,0.014298654753207277,0.0026216915176824895,0.009772394840534928,0.0021110375640466016,0.007908767231058197,0.030517811329765415,nan,0.0035566940080056886,0.0008762137620899423,nan,0.0009550770682260048,0.00946320975097785,0.015584116343431846,0.006884855374853116,0.03061050868953156,0.009958301069317149,nan,nan,nan,nan,nan,nan,nan,nan,nan,nan,nan,nan,nan,nan,nan,nan,nan,nan,0,7.9099107919212003e-08,2.7719078688210814e-05
222.18541053771972,0.0035992432562792576,0.002515779415780621,0.0010539531303407942,0.005175317326671523,0.0009911986096225785,0.0026194914672666553,0.0016179907945314835,0.0014223342510233368,0.0018425282632706349,nan,0.001478237082031628,0.0018977696788856746,0.003370162632266588,0.0066757097156815584,0.004353513162494001,0.017519098306870724,0.017434551129752045,0.0046542086711546665,0.0031811344715553884,nan,0.0017738897855799523,0.004255969418537226,nan,0.0015970932577378176,0.008268128883772503,0.0008255704464380436,nan,0.0014691992626041613,0.0013715194652811694,nan,0.000927681540151838,0.0017947153831829018,nan,nan,nan,nan,nan,nan,nan,nan,nan,nan,nan,nan,4,1.6368260726443617e-07,5.4970075606306477e-05
236.9087513096802,0.02548809007930475,0.006595082966902602,0.0013368241059476948,0.005657085792656932,0.003425505880847489,0.0024629370763194344,0.006512898659592614,0.0038286816540599013,0.010764757932588262,nan,0.0030819890260492867,nan,0.003511532090823005,0.013825929373275543,0.008323740281371091,0.07164686296037161,0.03633738166890067,0.006088366214885088,0.004537116873547556,nan,0.0035460493572168662,0.009307080162453366,0.000998014723582546,0.0022124460769714295,0.024039885404238816,nan,0.00023633839420762962,nan,nan,nan,nan,0.001234374704417211,nan,nan,nan,0.0016406388260735859,0.001089022905467558,nan,nan,nan,nan,nan,nan,nan,3,1.684296943335187e-07,5.4301733453126427e-05
300.1443978923641,1.0716640493288603,0.07433877138255711,0.12156556630523746,nan,nan,nan,nan,nan,0.12584827042404492,0.18573108624602588,0.19270239951421927,0.05583342900190011,nan,0.06350351724178321,0.14290674444672394,0.3889376410829644,nan,0.030524629810085326,0.016840854757705526,0.010101321419082295,0.014046339725583199,0.10439999887474091,0.18372057110882145,0.08609372157719511,0.3124161431248181,nan,nan,nan,nan,nan,nan,nan,nan,nan,nan,nan,nan,nan,nan,nan,nan,nan,nan,nan,0,3.2573493313665018e-07,0.00010097782927236156
348.99028416683797,nan,nan,nan,nan,nan,nan,0.001988690610764301,nan,nan,nan,nan,nan,nan,nan,nan,nan,nan,nan,nan,nan,nan,nan,nan,nan,nan,nan,nan,0.0024573230890007048,0.003684950430383804,0.003276520725407854,0.011103833400781176,nan,0.009104838869564128,0.011205475594777633,0.008729211739549176,0.0017433107319513427,0.0040562676419967515,nan,nan,nan,nan,0.0063409226808069045,0.0008823620451083864,0.015135409075677404,8,3.469225747990379e-07,0.00010356281306963873
224.10008966172072,0.052302776525693505,0.04238899139993625,0.010402558542106435,0.0172292123577314,0.00406667896359648,0.000872171578334645,0.0019463662823584864,0.0021451405431749506,nan,0.009552630666383448,0.004099784153727433,0.004991098850572446,0.006282727953959457,0.014655238905595312,0.04615415378145371,0.006308340010656601,nan,nan,0.005148368185424945,nan,0.006250843417078521,0.01015332993000238,0.006125998645720645,0.0045619411777142425,nan,0.004164104079624339,nan,nan,nan,nan,nan,nan,0.0007941095112354252,nan,0.0008906298628464955,nan,nan,nan,nan,nan,nan,nan,nan,0.00209418240644989,2,3.7267187589725982e-07,0.00010727626141899693
224.05312480542483,nan,nan,nan,nan,nan,nan,nan,0.0012514703676020993,nan,nan,nan,nan,nan,nan,nan,nan,nan,nan,nan,nan,nan,nan,nan,nan,nan,nan,nan,0.0722096934728572,0.008810847713767661,0.011276897386100939,0.008198899785425083,0.0018248523005936202,0.0033584855643484916,0.0012374976896464905,0.001217293317973409,nan,0.06600058571347527,nan,nan,0.002470400886618765,0.009913202983528489,nan,nan,0.001691152424157114,0,4.4125099379997372e-07,0.00012263734517337199
295.0108729182063,nan,0.0012482718568071576,0.01000886196998278,0.005564831188784286,nan,nan,nan,nan,0.0017084856479227131,0.003522723412898952,0.0019553344394698568,0.0043254171622180634,0.0029487968008093217,0.0013420599083551806,0.0011845839473143454,0.015066765304168681,0.016667195878866482,nan,0.0010788328542409259,nan,0.0010924494926806663,0.0027620813179823085,0.0013746039439035452,nan,0.00039284985380065704,0.0012163269207915769,nan,nan,nan,nan,nan,nan,nan,nan,nan,nan,nan,nan,nan,nan,nan,nan,nan,nan,0,5.1560562661711598e-07,0.0001385260450177985
321.07369102091286,1.0336598946495437,0.07847264663909317,0.7154519423125627,nan,nan,nan,nan,nan,0.2106764723284767,0.25395417665485354,0.31118216446967156,0.05574197870544017,nan,nan,0.06953468609275561,0.1341809166730987,0.0014423840974665256,nan,0.006834144205870249,0.005490275068184862,0.007710975338690323,0.025687200329248278,0.31551559585714745,0.07132121387961676,0.21734672427145885,0.10897943301137829,nan,nan,nan,nan,nan,nan,nan,nan,nan,nan,nan,nan,nan,nan,nan,nan,nan,nan,0,6.2902300358644299e-07,0.00016354598093247519
149.02350708400863,0.6055641827138086,0.4481289716599567,0.1222065172489303,0.18333521836395722,0.043305379771940516,0.027917677962015514,0.061159227398178626,0.06208963973137592,0.11568113905931277,0.15631472891421563,0.08070148712911297,0.10712601565248273,0.17070272588127375,0.15831310105663296,0.48681482189306935,0.49826946971263014,0.5061042983902718,0.14325347143663633,0.08902116035358539,0.09026656202550738,0.09415530063117375,0.1516875473368979,0.1313760272367911,0.08322795497472238,0.42510724190851157,0.08621456016114855,0.0013109858852214228,0.044934386798582665,0.04851874184417897,0.027448653437950186,0.022169363133769063,0.07212351121102999,0.01203876258235078,0.012740004902981198,0.015707109440774168,0.06483469008382954,0.05068906614539906,0.14027508874098862,0.041210861310324705,0.02743614561424636,0.055575264537465,0.027276217397845994,0.03029738234650885,0.026941522943778523,11,6.7105766880148098e-07,0.00016902265032937302
272.29503570333884,0.0020878011227810018,nan,0.0007299190404453097,0.0017776784076786833,0.004566972139800797,0.0006506600921940247,0.001981780306901961,0.0011274057647411527,0.0019447833678707136,nan,nan,0.001613803915563659,nan,0.0015260158395007245,0.0014753083665662177,0.00746446391569462,0.0059903022775507075,0.0031760561255069274,nan,nan,nan,0.001497567011828716,0.0010414502163457067,nan,nan,0.0012281762403476759,nan,nan,nan,nan,nan,nan,nan,nan,nan,nan,nan,nan,nan,nan,nan,nan,nan,nan,3,1.6390458070074938e-06,0.00040032452134789094
420.25959664481024,0.0168980743398277,0.0028076600365310725,0.0015197823893225548,0.004420757605651564,nan,nan,0.002032391703422258,0.0013283133724429185,0.005162608615355342,0.001778414573840135,0.0018877265733263622,0.0011653381227460329,0.0034776959490410595,0.005126011770957728,0.004378022145003494,0.016711452530943388,0.020719126396684738,0.0048811163950374555,0.0010017576208420176,nan,0.0010562302664530313,0.0031956130879367156,nan,nan,0.009241708748881467,0.0013300010579602888,nan,nan,0.0013542951875037809,0.0012296661902226455,nan,nan,nan,nan,nan,nan,0.0018532223520476322,nan,nan,nan,nan,nan,nan,nan,9,1.7264021972128301e-06,0.00040925887380986503
268.07349348242906,0.009682006548051299,0.007631873341401245,0.007564903160899082,0.004638502722289148,0.0009023064996659885,nan,nan,nan,0.006848269872464947,0.0051379897702009715,nan,nan,0.007284459423469793,0.003159157168033451,0.008854363038977945,0.07476158687795023,0.014256030315323031,0.005662602931260262,0.004005714360207104,nan,0.0032694245319516697,0.014459304618200441,nan,0.0043260044483867,nan,nan,nan,nan,nan,nan,nan,nan,nan,nan,nan,nan,nan,nan,nan,nan,nan,nan,nan,nan,0,1.7412596620747978e-06,0.00040098722503779629
223.0966969833893,0.3772563701815645,0.33058649331511014,0.07197689184189553,0.12430883617156406,0.025699520914764608,0.007654308663607482,0.020570838825608128,0.01755949739406229,0.06526532182242552,0.04456715298355414,0.028766440821880637,0.026008547681231252,0.04475178723346478,0.08542337913739041,0.32053050344763834,0.27427187992949076,0.31957853616439585,0.06423110490784871,0.03318184970411769,nan,0.03800403595543928,0.07426178171597017,0.036122454312804336,0.027573493975310913,0.11739243622926966,0.023543242768873814,nan,0.009029577467497782,0.005803512316938074,nan,nan,0.0268626317639235,nan,nan,nan,0.014118120018834572,0.010553137458286389,nan,0.007467161672828767,0.004364551477678524,0.01612728819204312,nan,0.006040927622478072,0.005559968171764342,5,1.9531543551637517e-06,0.00043728955840610661
307.05799160551464,0.08588849114589107,0.007691943762659412,0.07375414198595007,0.003393957233852387,0.0016661294692712392,nan,nan,nan,0.01608519459436792,0.028094149042392637,0.03026461204701042,0.005969342848869242,nan,0.0016391405851739385,0.008885066154456356,0.04274358609250091,nan,nan,nan,nan,nan,0.005362552872086226,0.02881439198454093,0.007768279263046359,0.012111791596560798,0.01172491621649557,nan,nan,nan,nan,nan,nan,nan,nan,nan,nan,nan,nan,nan,nan,nan,nan,nan,nan,0,2.1149893693498855e-06,0.00046072471126919125
202.14399158611846,0.014089730466716034,0.0027640397389477613,0.0036275333355917923,0.006332512362377451,nan,0.0032208455135050136,0.0020136216629695414,nan,0.006607839048504998,nan,0.003428207750980735,0.004267641461127762,nan,0.008798868550345475,0.009145566291927977,0.024950105475233356,0.018856745749613147,0.009002485769751985,0.0034997609695823695,nan,0.001717836949024833,0.008546675623203269,nan,0.002305826934374312,nan,0.0036566658076438345,nan,nan,nan,nan,nan,nan,0.0010675207217490058,nan,nan,nan,nan,nan,nan,nan,nan,nan,0.001618878577158954,nan,6,3.2276081856530461e-06,0.0006845926835885145
163.03917451171876,0.8538491259865613,0.10444102576964541,nan,0.049879467352152804,nan,nan,nan,nan,nan,0.20744346307140518,0.6543182797535478,0.14854368560094414,0.05828605668860119,0.04387407633388411,0.12425939013057057,0.5270975016073836,nan,0.02658781013172234,0.02167454310311284,nan,0.021452959699654998,0.09138934508416797,0.34808737541183604,0.06828333270952668,0.2935133396533399,0.09113568059963392,nan,nan,nan,nan,nan,0.03266098572510587,nan,nan,nan,nan,nan,nan,nan,nan,nan,nan,nan,nan,0,3.5032918497668875e-06,0.0007240136489518234
204.15961951053504,0.0110424713603712,0.0036603434237903994,nan,0.007401590202367576,0.0008623694329492406,0.0025039348063928533,0.004585668043105572,0.0029007311090139174,0.004608889180228177,0.0008416037562809107,0.0018756334500940044,0.00433081948399474,0.008311430430654312,0.006868146877928051,0.0052176126368017875,0.026342425311645105,0.020947117734144687,0.005958532274648718,0.002800038944408926,nan,0.004302088158945306,0.004827023662720391,nan,0.0033799587925579066,0.025003244406129173,0.00351964124312806,nan,nan,nan,nan,nan,0.004501365390890688,nan,nan,nan,0.0021549597682244902,nan,nan,0.003216388533280142,nan,0.0020895309728438407,0.007454419847523934,nan,nan,10,5.4510026136182909e-06,0.0010983770266440856
301.14771332611906,0.1567241082541159,0.011430223532557269,0.018499343789563884,nan,nan,nan,nan,nan,0.01989864946477646,0.029939859677274812,0.03458928113529182,0.009730478832714447,nan,0.011378174943324682,0.020762480104227387,0.06945647959492207,nan,0.004712348695085701,0.0027995467735148103,nan,nan,0.02021011786534899,0.02917142463030511,0.014669114077301797,0.057496958087605736,nan,nan,nan,nan,nan,nan,nan,nan,nan,nan,nan,nan,nan,nan,nan,nan,nan,nan,nan,0,6.7925536315070246e-06,0.0013353166407304054
304.8962116482892,0.027311586030528964,0.007063964532583774,0.002749799893412344,0.01223298978045931,nan,nan,0.009972416247640888,nan,0.01705436900150065,nan,nan,0.005207052467527464,nan,0.013074654483746843,0.006758472257818016,0.0617851835866176,0.06550757672178284,0.0036890660852952105,0.003674097288933144,nan,0.0017333473616110264,0.005386325550960656,nan,0.0038906845220659423,nan,nan,nan,nan,nan,nan,nan,nan,nan,nan,nan,nan,nan,nan,nan,nan,nan,nan,nan,nan,3,7.8204090453709574e-06,0.00150077373584976
242.92569905265432,nan,0.0034708076852256694,0.005485350102854895,0.021648937259859488,0.0072466577355219846,nan,0.00805236407135767,0.005625514475018827,0.007389146276747617,nan,0.00309489693322797,0.004740484331805294,0.002091427832228548,0.005356326074717742,0.001278813854839542,0.03719666008958878,0.0937414803226505,0.0013490528199905213,0.0006993197677648271,nan,0.0012750364235675792,nan,nan,0.001167504749261553,nan,0.0008248899487436267,nan,nan,nan,0.0012044479880792137,nan,0.0016413736288227573,nan,nan,nan,nan,nan,nan,nan,nan,nan,nan,nan,nan,2,8.7081517286751244e-06,0.0016322721612353837
328.0117892310733,nan,nan,nan,nan,nan,nan,0.004396202242147372,nan,nan,nan,nan,nan,nan,nan,nan,nan,nan,nan,nan,nan,nan,nan,nan,nan,nan,nan,nan,nan,0.0044898345695442675,0.0034612002056369166,0.00387805375530084,nan,nan,0.000671568982104533,nan,0.0052822771658407154,0.002022560737673463,0.010740729188545016,0.0032436894513170576,0.001142913600512113,nan,nan,0.0013801595869845302,0.0011340500695551884,12,8.9781119027419312e-06,0.0016446268621840903
152.12828935895647,0.014509800893400631,0.004904131772621839,0.003125948251775438,0.005786503436238353,0.0013527756068272003,nan,0.0036270422225250505,nan,0.006799363227434175,0.003476803151155436,nan,0.0053552160760905534,0.008889075905068813,0.009743937436504322,0.007137257098698671,nan,nan,0.007496550506849355,0.0027473905950231533,nan,0.0038445731492307454,0.00534122507893749,0.0030730591997967867,0.003732940397895352,0.018505509113950252,0.0017446486086092289,nan,nan,0.0013751913880001292,nan,nan,0.005688709355647752,nan,nan,nan,nan,nan,nan,nan,nan,0.0017400363089784356,nan,nan,nan,6,9.2933320701634207e-06,0.0016645390330114927
323.1985585139348,nan,nan,0.0029620065592278013,nan,nan,nan,nan,0.0015932118916472022,nan,nan,nan,nan,nan,nan,nan,nan,nan,nan,nan,nan,nan,nan,nan,nan,nan,nan,nan,0.0049645041794661535,nan,0.0014750179578689195,0.0014557899458868327,nan,0.0015214775534877125,0.0029500696893299642,0.0028047529743992876,0.001979849038579389,0.002282546977356349,nan,0.0013045713245874338,0.0006412910094115141,0.0012369201413854518,nan,nan,0.001349223623146585,0,1.0301892536956813e-05,0.0018050707358233024
79.02147232343073,0.12959951837595535,0.03938285667725049,0.02330984450348547,0.08545118969366879,0.017295923340015687,0.030763695164465036,0.05456954044897013,0.0470838792503541,0.06275939314332762,0.05405996908052389,0.044946709388959345,0.0806294072083244,0.1396087455829753,0.08794603423976147,0.06987402101195576,0.3333116948321757,0.33396716211901595,0.09028676458014874,0.04501074903131018,0.005589602768099734,0.07132292627619231,0.06616945413944549,0.04173207841879789,0.07334577529248679,0.484573893627698,0.05317146075166955,nan,nan,0.05598928493210591,nan,nan,0.06731460913697078,nan,nan,nan,0.06922980457565303,nan,0.1728235354543698,0.050358518301588,0.032682810406656215,0.05598818617747646,nan,0.03691045775968953,0.032303913378596304,10,1.081002456004116e-05,0.0018538042117857817
113.96391761982849,0.028355579982449645,nan,nan,nan,nan,nan,nan,nan,nan,nan,nan,nan,nan,nan,nan,nan,nan,nan,nan,nan,0.0033220919153117818,nan,nan,0.0015851877363979815,nan,0.0015294978655930383,0.003230639285869779,0.06273062174697144,0.008525102044254334,0.01607253113732152,0.008905915623803246,0.007591621332819059,0.001289319815905528,0.0036157443305176247,0.004477997602636107,0.002260381094144404,0.004685322470577299,0.005066389714507705,0.002421934237099429,nan,nan,nan,nan,0.0002011335497826407,2,1.163458185075026e-05,0.0019536402024384809
405.22353997751446,0.03191738120352032,0.010306797270973795,0.0046445235097071795,0.010186117911752484,0.0012859902287692443,0.007514799752530218,0.0077539342818704554,0.004156581139394273,0.01720848032459602,0.009530292563417293,0.004448122820805318,0.007818401831306823,0.00014017652522837777,0.021737059151743395,0.017766217988657112,0.042854529427232634,0.03721680702740579,0.02018060069001988,0.008109002272537302,0.009237979312807615,0.0027375761358816126,0.01861225450361377,0.005644429311863904,0.008351173845994004,0.010843019585956851,0.003766402779580563,0.0001683124714682214,0.010394675189530526,nan,0.0009527087727880605,nan,0.010219320234792773,nan,nan,nan,0.018911046446760463,0.004493092074421675,nan,nan,nan,0.007394574214315485,0.03215858741380941,nan,0.008439223829191952,8,1.2411898506336443e-05,0.0020416306522667701
177.1639587695782,0.01637965130995265,0.016899618670927496,0.007119172182118852,0.009315270059134568,0.0025379702784880647,0.006574234946345411,0.005692137290697884,0.0058394057293090235,0.005612187876972126,0.006094425063010672,0.003484883037340799,nan,nan,nan,0.010719464940196587,0.03325309013275702,0.03198932987695877,0.010314268204195245,0.007641851654764366,0.004806311278166725,0.0065033839783650545,0.010137194310303885,nan,0.00450864101863553,nan,nan,nan,0.0021933421673922446,nan,nan,nan,nan,nan,nan,nan,0.009929464223869597,0.00596815756267346,nan,nan,nan,nan,nan,nan,nan,5,1.417372171209831e-05,0.0022848039399902477
230.99040961859959,nan,nan,nan,nan,nan,nan,nan,nan,nan,nan,0.0023136098989636803,0.002147149239621214,nan,nan,nan,nan,nan,nan,nan,nan,nan,nan,nan,nan,nan,nan,nan,0.010154535375120318,0.006583268725955948,0.011594268675491513,0.008215750505027116,nan,0.01236450380942581,0.010020531778330356,0.010780499624333872,nan,0.005500734590433513,0.0030147953100460763,0.0028446339753158425,nan,nan,nan,nan,0.009530793817543527,0,1.4363135546971814e-05,0.0022699386766390751
252.8826553487332,0.03861555443652476,0.004937581416870435,0.002778678894308734,0.0017630903256069896,0.0011223468826705389,0.0014220097227488004,0.004999185591715788,0.0018857914788848735,0.006645582905952466,nan,nan,nan,nan,0.007576462390982521,0.008281834615011915,0.09762188681891258,0.013874190168441871,0.004469611248506743,0.0012522138046057306,nan,0.0011057486193035667,0.00431981599707919,nan,0.0011923803551339399,nan,0.0010692252836405846,nan,0.004069538215367563,nan,nan,nan,0.0019066820731173423,nan,nan,nan,nan,nan,nan,nan,nan,nan,nan,nan,nan,3,1.7959571180259677e-05,0.0027837335329402501
108.53104358829864,nan,nan,nan,nan,nan,0.01997610970576693,0.0030248132960705152,nan,0.0010919761109459687,nan,nan,nan,nan,nan,nan,nan,nan,nan,0.005982461177563574,nan,nan,0.0009811588592861557,nan,nan,nan,nan,0.0016677513480137123,0.0025151489288452906,0.007248948845230448,0.004548429823343522,0.0017240845352734762,nan,0.00172313847349036,0.0010857816186815039,0.002974976140710645,0.0008620783042868378,0.0011154938621510708,0.00015298763278121395,0.0021700887954345873,0.03680080353320269,nan,nan,0.007653076361092024,0.012622038293713177,2,2.2492294063386828e-05,0.003420526229262223
228.9997084031411,nan,0.0037754765404034553,nan,0.0012556166453572477,nan,nan,nan,nan,0.0018253613924144535,nan,nan,nan,0.008085705305674347,0.003578969774664934,0.0017882405450260273,0.012590096394815882,0.0057409543687136485,0.0030931237937969367,0.0031865728010128254,0.0047840665375020585,0.0032209007623159596,nan,nan,0.0023090874805780847,0.01740363031982011,0.0014308339946087578,nan,nan,nan,nan,nan,nan,nan,nan,nan,nan,nan,nan,nan,nan,nan,nan,nan,nan,4,2.3604395575623828e-05,0.003523174598880149
417.21821311276335,0.01578483927779949,0.0070099973288664805,0.0014166443601810817,0.0066439470242503846,nan,nan,0.0013044608738702987,nan,0.005495060832017667,0.007550609737419174,0.0012378268072953987,0.006174628309744951,0.0033081013021863323,0.018353138587781922,0.01373831738401267,0.024086457720078804,0.028698449431401964,0.017126813698874296,0.002646544949966153,nan,0.0019177273281272603,0.010366147684534964,0.005517454923002719,0.003989761805987385,nan,0.0036568230752728713,0.0001649600733768316,nan,nan,nan,nan,0.008657382389410972,nan,nan,nan,0.012286499945276275,nan,nan,nan,nan,0.005761559968374024,nan,nan,nan,8,2.4068882143362979e-05,0.0035271852741001019
248.25861259128737,0.00393942907937315,0.0014888062602856121,0.0008036177132502322,0.0014407010935096843,nan,0.000649963062888802,0.0013507435236382176,nan,0.0013086015259684708,nan,nan,nan,nan,0.003412615700713944,0.0015122369840149179,0.006745127711922973,nan,0.0015747673864638112,0.0010696347841355662,nan,0.0008017975758058376,0.0013600963466380623,nan,nan,0.0005035264828620243,nan,nan,nan,nan,nan,nan,nan,nan,nan,nan,nan,nan,nan,nan,nan,nan,nan,nan,nan,6,2.4598577640739786e-05,0.0035404381390064764
415.2119236867197,0.409888272805465,0.14471878106258468,0.033432109583756475,0.14574087711722084,0.018611920661275972,0.020033509690054838,0.05499875456659786,0.03514776797742075,0.13015017768840037,0.16628268206581748,0.06392296197241404,0.16446053020506496,0.12288163149351888,0.40695122472545264,0.3251042990322709,0.6522452953677939,0.6511583088805644,0.45054340503890855,0.058660781399174945,0.15733020465697725,0.0819326535178177,0.28092082340087865,0.12721944131479448,0.10291290117205075,0.2745834858393898,0.09175061959076697,0.0019972935723684775,0.06307893108081898,0.021431674981892117,0.023160470846843785,0.015422230038431062,0.18203543497896438,0.006194559987035812,0.007520478222113439,0.00784016401891076,0.3439472929289605,0.043000915741574455,0.1270548043975302,0.014752091480682109,0.01409759260797293,0.14968693160355687,0.009792664520663236,0.015596736453838312,0.01876342747454986,11,2.5182693847846186e-05,0.0035609212704147413
630.3193106172387,0.007870477404743592,0.003067857462340799,0.0033652678095343488,0.004232801534673781,0.0028441219581882824,0.0009238155486561846,0.0015554531238842193,nan,0.003638379831390558,0.003251384660796648,nan,nan,nan,0.0018013403192179334,0.006756678415665602,nan,0.005997487515727685,0.001428640177180212,0.0011019488717618588,nan,nan,0.0025170291069045616,0.001199854602718257,0.0011628888185855552,nan,0.001193298493938142,nan,nan,nan,nan,nan,0.00111767859908036,0.0011919289343496626,nan,nan,nan,nan,nan,nan,nan,nan,nan,nan,nan,0,2.619685416221381e-05,0.0036404593887490225
128.1153313984881,0.013052707775114766,0.004758339337106888,nan,0.007795178096365611,nan,0.004016891019296263,0.005393028553511427,0.006666551231924532,0.005551739495877867,0.008018688119268948,0.004662700228191238,0.009276585126718761,0.016435028305710513,0.009235813934818983,0.0062458250998109945,0.03169118214531412,0.02520764917372218,0.008363172112469012,0.0044286695964642474,nan,0.007354614835987919,0.006898163370161623,0.006893074548130513,0.0059673073809087505,0.05342254855695383,0.00621796456977875,nan,nan,0.0045447607372829,nan,nan,0.009277496876179915,nan,nan,nan,0.010173437520460972,nan,nan,0.006135035211888136,0.00454630330441735,nan,nan,0.00478865526779593,nan,11,2.8257498011144341e-05,0.0038602615927088709
322.0769768373214,0.1438261769874863,0.013012055669441162,0.10643252362350557,nan,nan,nan,nan,nan,0.034205291215763586,0.04543977787959934,0.04679944536917348,0.010540112384402476,0.00426302657430473,nan,0.00964349889868922,0.019194344754656,nan,nan,nan,nan,0.0009412825664310622,0.005659922350715605,0.04614531874912962,0.014508109608606547,0.028761530230243287,0.017042548825947797,nan,nan,nan,nan,nan,nan,nan,nan,nan,nan,nan,nan,nan,nan,nan,nan,nan,0.0008706589007628017,0,2.9404332300255331e-05,0.003949981972334299
289.0028586465804,0.003825940978323296,0.0036098938461980425,0.017983203463544213,0.0030475289789773227,nan,nan,nan,nan,nan,0.0059774170960196485,0.0020902593309480555,0.0018842227207039217,nan,nan,0.005445192916031522,0.07510043522399301,nan,nan,0.0009200043189867919,nan,0.001470595097825365,0.004564081681218934,0.004053799936643905,0.0018303599573015353,nan,0.0011673000645924725,nan,nan,nan,nan,nan,nan,nan,nan,nan,nan,nan,nan,nan,nan,nan,nan,nan,nan,0,3.1702560242057453e-05,0.0041888956647702143
164.0424923667425,0.07845095122840937,0.01099921650575733,nan,0.006510227487275498,nan,nan,nan,nan,nan,0.02308022667448771,0.0636075068467533,0.012562689829238423,0.006944999098963017,nan,0.01280180298497629,0.0511967222735583,0.00017770639860396575,nan,0.0014709473371032435,nan,0.0020218742788565484,0.010302039086869772,0.037199221566602256,0.008681902581471121,0.035178855662314094,0.009655854184232385,nan,nan,nan,nan,nan,nan,nan,nan,nan,nan,nan,nan,nan,nan,nan,0.007033803545699404,nan,nan,0,3.3206474987915509e-05,0.0043168417484290168
128.98614360392094,nan,nan,nan,nan,nan,0.027111789504001924,0.15254510308442654,0.0767004309249519,0.01729491927204037,nan,nan,nan,0.022177405444272325,nan,nan,nan,nan,nan,0.024004799427923114,nan,0.014432187531223193,nan,nan,nan,nan,nan,0.002885557353151141,nan,0.05454585102353594,0.036679454441255276,0.068965214761079,0.01701796491707928,0.05291833163670193,0.04653671492688463,0.05571444974619477,0.02342123297353545,0.012637961632690113,0.027390246062513827,0.009916949380204987,0.005621654487212222,0.01828187178736999,nan,0.02626758837180849,0.03156138782409986,1,3.3811349024525649e-05,0.0043257059228202655
283.17533335621664,nan,0.1978196696626526,nan,nan,0.012620725778605646,0.009659093106930871,0.02084811828530504,0.02490582410796882,nan,nan,nan,nan,0.06675298652203863,nan,nan,nan,0.008673951971761816,nan,nan,0.00833846645905121,nan,nan,nan,nan,nan,nan,0.05434726201530164,0.00871868657669811,0.003431560569103309,0.0015368801921644842,0.0014205540058638514,0.051677678856308834,0.003406708432774483,0.002637833028286085,0.0013533047834453388,0.01162677092514022,0.012936917745333638,0.027417693815086106,0.0030012873045754426,0.003218104110726739,0.018598434973479593,0.18582944738190074,0.04313416394276652,0.00048421170349567633,11,3.8038018861984346e-05,0.0047904130004311537
223.0638838132847,nan,nan,nan,nan,nan,0.005750125977673662,0.008279801950660364,nan,nan,nan,nan,nan,nan,nan,nan,nan,nan,nan,nan,nan,nan,nan,nan,nan,nan,nan,nan,0.006232107111826194,0.00961074414495217,0.007612420392804734,0.005758034070724365,nan,nan,nan,nan,0.009023075717219931,0.008269492658154541,0.02954166928078719,0.009456507803113218,0.005897705341900521,nan,nan,0.0069760227731473804,0.0033937666511863864,10,4.1111740855240342e-05,0.0050978558660498023
220.93474578857422,0.027014032583834675,0.011021436741565544,nan,0.01662515662822166,nan,nan,nan,nan,0.019272624893166734,nan,nan,nan,0.015351664002657901,0.023117937713787395,0.012045222505586223,0.07061810679385683,0.09265212437886679,0.013405880727906418,0.008372759417501336,nan,0.008663790358786887,0.024232845811745972,nan,0.007370063049677475,0.052608671377829555,0.006632799414893071,nan,nan,nan,nan,nan,0.004560367374735624,nan,nan,nan,nan,nan,nan,nan,nan,nan,nan,nan,nan,4,4.2269484824436184e-05,0.0051620007224993276
291.08415802776096,0.02361421416588664,0.006450673723730371,0.056195240301030874,0.00458381815834329,0.013311393248137671,0.0012977221757548053,0.010302813185553419,0.00842076251949202,0.022528567058367338,0.024098395806387358,0.040043302002824015,0.009987208082540024,0.010242480511074311,0.00506739961484126,0.005621005712376164,0.012096346396297045,0.01872794761707246,nan,0.0026835093557276094,nan,0.0029577824126322577,0.0038348355044445902,0.021683542536674632,0.008062531507609936,0.015679542325641095,0.015191953428440442,nan,0.007419960337026355,0.0010895809098861048,nan,nan,0.006910588348553995,nan,nan,nan,0.0014494311856882312,nan,nan,nan,nan,0.0037275261211374105,0.04643041875913738,0.0013939772198127808,0.011191426510893328,6,4.3468814646282288e-05,0.0052292335231199282
404.22003593495754,0.1451780601982953,0.04367677112660051,0.015895629612100233,0.04919030864636364,0.011579665441770103,0.04857513067470392,0.023672273239871745,0.014256820662828264,0.07384899530250269,0.03875133427665227,0.018822417936934788,0.028849892271964207,0.03023673781075642,0.10230219075166495,0.09048266222231137,0.18825571468499985,0.15720503945863015,0.09404051370155035,0.02968420411584475,0.044507829625201306,0.011403124006129983,0.07664164412491066,0.021846909961342417,0.03415335406266221,0.07299963011872791,0.017464758660214484,0.0006777925453900553,0.02611293796539285,nan,0.004083846207024955,0.005009146716392848,0.042027366707293824,0.0029564425648115227,0.0023314336458414887,0.0033330246452813747,0.08170385813871392,0.009301394112171348,nan,nan,0.00807177227323149,0.029069730603455742,0.04111160393664765,0.001521816679572407,0.03128873059870019,9,5.1945371453589646e-05,0.0061570543222931257
365.03415147189435,0.1425545758019331,nan,0.18833590105204615,0.06545223498100707,0.030321349225435133,0.0035370260792266487,nan,nan,0.042676001878302824,0.04224942248690302,nan,nan,nan,nan,0.049155024650622076,0.11877154722868495,0.11572956221419992,0.012813683823281144,0.008461924255570564,0.054576441085745456,0.009758101504831593,0.013557917512285463,0.03961600142503806,nan,nan,nan,nan,nan,nan,nan,nan,0.009927540713146738,nan,nan,nan,nan,nan,nan,nan,nan,nan,nan,nan,nan,0,5.2169451899970455e-05,0.006093996845126984
238.16514827387994,0.008723152709518723,0.006091018948421734,0.0008635295037604898,0.003968549224807272,0.0009036937296103419,nan,0.0018269027698652187,0.0018133072144099812,0.005601132338958686,nan,nan,0.0012799291557152699,0.009795545798458845,0.006576388463243022,0.00471627558053737,0.0175770156888077,0.011506689039179748,0.005710752751545901,0.0030451368712277817,nan,0.0014152666738401942,0.005345248966404595,0.0013721866505677668,0.001954692508023713,0.009056289368726968,0.00438836340538301,nan,nan,nan,nan,nan,0.004890154129647527,nan,nan,nan,nan,0.001584944175167235,0.0035556659083761924,0.000679380863632818,0.0006422087932919633,0.0016259794969439333,nan,nan,nan,8,5.4348565527765705e-05,0.0062578491164827369
207.07837815120303,nan,nan,nan,nan,nan,nan,0.008404267530052405,0.007555996226640302,nan,nan,nan,nan,nan,nan,nan,nan,nan,nan,nan,nan,nan,nan,nan,nan,nan,nan,0.0009312998193787158,0.027668627841902157,0.008062317021659146,0.007098577518029688,0.006926615424394564,nan,0.007912878311616927,0.0063026402051268495,0.006923060644388183,nan,0.016073858240725113,nan,nan,nan,nan,nan,0.0060390069767929325,0.01685042434995359,1,5.4388794718231119e-05,0.0061742772595625751
258.8996163504464,0.014366375830253738,0.001335713986936876,0.0052733037118127225,0.009953149668148581,0.004690587970265573,nan,0.007805706443923365,0.004324578079109543,0.006832333427556354,nan,nan,0.0024404430687474045,nan,0.004492119721346094,0.0014467994214481788,0.04448140061769149,0.04573341216365597,0.0010980153195139558,nan,nan,nan,0.0007104966267545231,nan,0.0010089302113472857,nan,nan,nan,nan,nan,nan,nan,0.001173365411024234,nan,nan,nan,nan,nan,nan,nan,nan,nan,nan,nan,nan,2,6.1305554846634346e-05,0.0068628162786649009
260.18588351025994,0.004993477158418775,0.0009391566429556073,0.0013176415083745523,0.0031610457724571186,nan,0.0010547444284445416,0.001152109197721969,nan,0.0012508259723898252,nan,0.00118026248261816,nan,nan,0.0018648383798555326,0.004050460393756643,0.007020149798224908,0.005752622625657265,0.0030326853916874783,0.0008754593689981416,nan,0.0012141267788763745,0.001436157023305438,nan,0.0015062564814933132,nan,0.0009122200161604482,nan,nan,nan,nan,nan,0.001942089403068824,nan,nan,nan,nan,nan,nan,nan,nan,nan,nan,nan,0.0018516955969625657,4,6.305041412930019e-05,0.006961456683317253
543.2569937705994,0.0029291597031966933,0.003165857114508073,0.0009119828053984321,0.0015613772076561326,nan,nan,nan,nan,nan,0.0019638210190899012,0.003990996800788439,0.001800646506509211,nan,0.0018355042545916446,0.0016176746705877738,nan,nan,0.0008767505725322818,0.0010711101965849169,nan,0.0010010819873926624,nan,0.0015810847859628863,nan,nan,0.0014153671877965752,nan,nan,nan,nan,nan,nan,nan,nan,nan,nan,nan,nan,nan,nan,nan,nan,nan,nan,5,6.3980236566111746e-05,0.0069686581989575769
262.0558946046187,0.013532162115051496,0.010630972811837133,0.013453334838764475,0.004651625273872843,0.0025798223671065104,nan,0.0012212198500933347,nan,0.0037185108217807536,0.0035586184072334387,0.001443158001341839,nan,nan,0.001148338163765685,0.007352028203062134,0.0038618317161949,0.010834138184477272,nan,0.0008479726758955195,nan,0.0009062706010020223,0.0007136863260990226,0.00124195966252074,nan,nan,nan,nan,nan,nan,nan,nan,nan,nan,nan,nan,0.000988864809128499,nan,nan,nan,0.0006271768090943042,nan,nan,nan,nan,1,7.1917929051703336e-05,0.007728780108756386
341.1718717134916,nan,nan,0.0027214760120195733,0.0013464282484569347,nan,nan,nan,nan,0.0011870554832957314,nan,nan,nan,nan,nan,nan,nan,nan,nan,nan,nan,nan,nan,nan,nan,nan,nan,nan,0.00213436963469472,0.0011214408220809806,0.0010561936833757275,0.0013287770736461224,0.0011776107390701967,0.0014118996500851492,0.0013917849734040282,0.001721153933731329,nan,0.0018146172613923341,nan,0.0007125412796555237,nan,0.0010253053543039677,nan,nan,0.0029989953131350326,1,7.1989971039056107e-05,0.0076347258759841084
334.1462486117494,0.004301520813137673,nan,0.0011102382356269495,nan,nan,0.0012917677811749174,0.007659541020757236,0.005998655094411691,nan,nan,0.0024208662422527073,nan,nan,nan,nan,nan,nan,nan,0.0016720691955170973,nan,nan,nan,nan,nan,nan,0.0010425660150541276,nan,0.0051496328795463935,0.0017146344597463675,0.006010143225357281,0.0014402027754814473,0.002061203819926351,0.0007969790632001912,0.0013900340464643223,0.001357294425959429,0.0013066162694028995,0.002560265039762246,0.003398384154982909,0.0027508503260645877,0.0010167344241254158,0.00576028667683411,nan,0.024843946026937333,0.0012311991293667388,1,7.714258357328643e-05,0.0080749249818271255
264.9608766189729,nan,0.003076246806646864,0.00317640570457602,0.014101021137526652,0.00388502426932944,0.004692664488167971,0.009467708839616895,0.007962534748279399,0.012589351544258458,nan,0.0043242364525076585,0.006795541184400333,nan,0.00498753336757663,nan,nan,0.08197081477811499,0.0012518838655995494,nan,nan,0.002919228033277156,nan,nan,nan,nan,nan,nan,nan,nan,nan,nan,nan,nan,nan,nan,nan,nan,nan,nan,nan,nan,nan,nan,nan,3,7.8742987469710899e-05,0.0081367753718701273
294.8671933381454,nan,0.003001580011881301,nan,0.00474286256036887,0.003848246792373535,nan,0.0018835843097112026,0.0014966152634831055,0.0067499190727944415,nan,0.0018199461631204044,0.0019859404718413315,nan,0.0014877014257918104,0.0013951609000131626,0.019473068993417674,0.02467003772005021,nan,0.0011505185351786097,nan,nan,nan,nan,nan,0.005374779269704159,nan,nan,nan,nan,nan,nan,nan,nan,nan,nan,nan,nan,nan,nan,nan,nan,nan,nan,nan,0,8.3014684423106042e-05,0.0084695994487371494
397.06615798537797,nan,nan,nan,nan,nan,nan,nan,nan,nan,nan,nan,nan,nan,nan,nan,nan,nan,nan,nan,nan,nan,nan,nan,nan,nan,nan,0.00012425907868730254,0.0017793151486637235,nan,0.0013818173816899323,0.0009365609063382616,nan,0.0014193339570038315,0.0010641525542145576,0.0015407697624346104,nan,nan,nan,nan,nan,0.0037809250963600125,nan,nan,nan,0,9.6123116989867136e-05,0.0096844040367291134
433.2417218387582,0.14131696770102692,0.0786064897952499,0.012935400846231123,0.05997321929363635,0.008682450084712327,0.011506347904214028,0.030899560602399383,0.01605882389910816,0.06984011236882194,0.05651521902396593,0.03257971133020822,0.0929529055059392,0.06388621000561594,0.16698614902945325,0.1399840590707478,0.28795356310748704,0.3425910533315827,0.24124931810997377,0.03430940368718465,0.04365104100583428,0.04939091232901577,0.13758742491894693,0.05518729663420857,0.05490398559528433,0.12306897474909627,0.049564365103479134,0.001145468263972132,0.02336548226785492,0.013000942750046764,0.013987866435807959,0.007896859681018057,0.07749197859759394,0.003701331327227658,0.004263979315929683,0.003366729056706845,0.13476290016308767,0.01883743727782218,0.07181776300322763,0.00747556782515378,0.006935459481729329,0.06293740965975124,0.07494817880957562,0.008756659992090706,0.008602804162357905,12,0.00010472715463174819,0.010420998349776426
432.23841787019074,0.5432941847828437,0.2772135199253775,0.05085271728768186,0.2364393935028664,0.027366945201293427,0.05098355502776038,0.11754981746550539,0.07072499454927539,0.2887514135999863,0.20388881397617004,0.12699696741194974,0.38547810542205263,0.26667451438810047,0.6388785728733255,0.5370353064593432,1.178493516484793,1.3867041970891505,0.9721882468787255,0.12181937005837823,0.19201722998471835,0.180042226302446,0.5466729321378976,0.20459568438448955,0.2141452431918963,0.5701257702427651,0.22122149645869676,0.0038858585695622995,0.08448415189335487,0.050942577564787046,0.05750553609106976,0.031756164006212596,0.3220727695192246,0.01225453991997217,0.015308737269167684,0.014895242435055776,0.5404689786490665,0.06601228216356264,0.2830475266086169,0.02737898120021514,0.025487125650519128,0.23781354075903788,0.33426007812509717,0.027276087590758342,0.03385936986270617,12,0.00010482045625560204,0.010303083870977468
484.0761533794981,nan,nan,nan,nan,nan,nan,nan,0.0010569415878375478,nan,nan,0.0012786124639467698,nan,nan,nan,nan,nan,0.003364815788122054,nan,nan,nan,nan,nan,nan,nan,nan,nan,0.00022517984602804902,0.0026965269965637064,0.0014097206504894032,0.0012430021292921803,0.003849755043037819,nan,0.0016365897646205409,0.0012370300433023431,0.0011669647538089887,nan,0.0013209377381167473,nan,nan,0.0006863165633053471,nan,nan,0.0012144991599867777,0.0010917776243677274,1,0.00010964913725655811,0.010647855979371786
590.4631101168119,0.0023527056318489044,0.0026489739038482426,0.0010809365017487526,0.0031979043862602496,nan,0.0013388276061331742,0.0018440735922121165,0.0013109275643177671,0.0016611853280672376,0.0014260533033384824,0.0015398413547301408,0.0014417740196790826,0.0021203447650391125,0.003408131602899896,0.0020065337741411895,0.01864526962231194,0.006808114659100983,0.002810902983499006,0.0013940867713869156,nan,0.001575118417764437,0.002713011115371748,0.0011930715176501215,0.003272860528672942,nan,0.001655591666314291,nan,0.0014444394425833396,0.0012064477560060091,nan,nan,0.005252885272497375,nan,nan,nan,0.0015677989392275746,0.0010934673406315905,nan,0.0008046181744118295,nan,0.0013513678016297693,nan,nan,nan,8,0.00011109790486817535,0.01066010849092254
252.05033245994932,0.008402046687476804,0.004629945983546682,0.004569755658660526,0.004048591624118514,0.00087755792008417,0.0015108119723761019,0.0010806065871166726,nan,0.00438599807709964,0.005504629373875661,0.0016287680132886187,0.004219896667167011,0.006730841239890547,0.003624680216180679,0.007485804213941345,0.049954086448907774,0.020429193879033747,0.00508626017617576,0.0015291084650459362,nan,0.0030478000930270516,0.00719979840742075,0.0033024005633330456,0.003269570133960592,0.013849686284792244,0.0015528262290216818,nan,0.0012155807126461053,0.0015075453218404491,0.0010869675403374463,nan,0.0011957395744290032,0.0007371178646149255,nan,nan,0.001461220574791373,0.0015186844147357951,0.007892158446584094,0.0009635845922711561,0.0009126219002676732,nan,nan,nan,nan,10,0.00011372700210220021,0.010783995728749808
240.027010373716,nan,nan,nan,nan,nan,nan,nan,nan,nan,nan,nan,nan,nan,nan,nan,nan,nan,nan,nan,nan,nan,nan,nan,nan,nan,nan,nan,0.2511591175230948,0.011340955528657713,0.022679276976089315,0.006568203624786675,nan,nan,nan,nan,nan,0.1326731845857741,nan,0.0012350111465192248,0.0036220226466210123,0.005657212315598849,nan,nan,nan,0,0.00011532997509914552,0.010808832549989685
256.08583733225555,nan,nan,nan,nan,nan,nan,nan,nan,nan,nan,nan,nan,nan,nan,nan,nan,nan,nan,nan,nan,0.005430696954191543,nan,nan,nan,nan,nan,nan,0.010915604039855266,0.011828411427701298,0.009239713836187343,0.0074943470972905326,nan,0.004782462845357024,0.004715950725645424,0.005776471554260822,nan,nan,0.021514591381661712,0.006655170826583737,nan,nan,nan,nan,nan,0,0.00012641888306637214,0.011711910316263901
108.04462465098206,nan,nan,nan,nan,nan,nan,0.0018173528126855952,nan,nan,nan,nan,nan,nan,nan,nan,nan,nan,nan,nan,nan,nan,nan,nan,nan,nan,0.001697792311121424,nan,0.009843551084680643,nan,0.003589647022117293,0.003131911840256161,nan,nan,0.0012625046187546304,0.0025652167231439284,nan,0.006515677874871382,nan,0.004698574147335321,nan,0.002271237727041837,nan,0.002863314069500686,0.0022730437923680863,2,0.00013464629139717967,0.012332376234787138
248.99193692888534,nan,nan,nan,nan,nan,nan,0.002601441405878212,nan,nan,nan,nan,nan,nan,nan,nan,nan,nan,nan,nan,nan,nan,nan,nan,nan,nan,nan,nan,0.006422916632737672,0.003769063566573364,0.006352426179968431,0.001740954617661868,nan,0.001628665692802523,0.0023103161773322368,0.00306884582758574,nan,0.006013622902300798,nan,0.0006297599606701536,nan,nan,nan,nan,nan,0,0.00016706771820398789,0.015129952907012835
251.04693775835477,0.08830479207863705,0.03362520359422527,0.030491053825429368,0.02183071212950644,0.004664720735110341,0.004541760550007394,0.008726264186728491,0.00803209059154908,0.030300579158411268,0.02839791369173284,0.013905112495825748,0.023420403954677312,0.0515682643496435,0.024885952261951297,0.04049316238477047,0.32014826589847606,0.11845574007781275,0.027149308881239845,0.014124389267273656,0.006397512940936537,0.01961832414797916,0.053027932283846245,0.017043708604893668,0.02369586454552323,0.09993224322067913,0.013535592179287438,nan,0.009163804637408162,0.008920260288716165,0.006786855757809169,0.005594485276652851,0.017373325652822076,0.0027091520895421136,0.002609068166619599,0.0032825881808364633,0.015478212011422396,0.010541845671418384,0.031784878972734576,0.009663002911450481,0.006188702236446801,nan,nan,0.00737683197091287,0.004602913527549178,11,0.00018389384178678662,0.016468715164461113
351.2663066289196,nan,nan,0.002759747070538358,0.0012133955014538953,0.0009976122811164907,nan,0.0013014232367054223,nan,0.0012736349066472773,nan,nan,nan,nan,nan,nan,0.0026618364977022938,nan,nan,nan,nan,nan,nan,nan,nan,nan,nan,0.0001991462146429948,0.006864185779191988,0.0013176480235457077,0.0016622553077151523,0.0030269731813979597,0.0015658549385860747,0.0014642976351111662,0.0015573207116287913,0.0015193543234309989,0.0016817743797812505,0.00431821024174649,nan,nan,nan,0.000939321653307829,nan,0.0007791832320537825,0.0046986965560903045,1,0.00018543932830307247,0.016424626221129276
168.12323001959385,0.017887828068936254,0.09566274148077228,0.00338655679682049,0.011890576943576734,0.001242597158598823,0.0028873605407554073,0.005934549757091202,0.00333592072477586,0.012388369215026982,0.004546497849284147,0.0037141818772809896,0.002625341404847331,0.038232602977562334,0.02055255005147479,0.01538746644917603,0.056897306138297986,0.027743242443515108,0.006649244898347261,0.007776070789575927,nan,0.004184019660778727,0.011074111459764955,0.00703549933856869,0.00519207626914132,0.033477307607520726,0.009538237905007985,0.003880356249773751,nan,0.001741272604143222,nan,nan,0.007717147781887958,nan,nan,nan,0.003622306033426998,0.004726409690780667,0.0043879031944417165,nan,0.00352993263645863,0.0050613467368781535,0.03590922333303685,0.007263578293989165,nan,12,0.00018671993698896744,0.016358290131859538
232.1545089073623,0.004830530002366787,0.0033028647720361698,0.00473858121235339,0.004802401819984506,0.0008301667882942094,0.0014665414737095172,0.0018312680957110951,0.0015095845796521319,nan,0.0034428449645196703,0.003394257256162545,0.0021798239259115814,0.003342765319858277,0.0055309512289678986,0.004576098965590276,0.014386272263682633,nan,0.003977834229441015,0.0015644840121112117,nan,0.0027188894887520505,0.003368516596030973,0.0010597783951060754,0.0010521646667854215,0.009022683242920458,0.0016000428485456334,nan,nan,nan,nan,nan,0.0021936555518745435,nan,0.000837554842968042,nan,0.0018767616550937108,0.0020750120060340086,nan,0.00205261642769976,0.0012481050982188749,0.0013588045007108716,nan,0.0012052274973677686,nan,9,0.00021640356972731691,0.018754976043034131
85.10141297588198,nan,nan,nan,nan,nan,nan,0.007244293165163142,0.005957399536597845,nan,0.011286913094249161,0.007779290716852351,nan,nan,nan,nan,nan,nan,nan,0.004416204201101303,nan,0.011375967836479813,nan,nan,nan,0.00035973332673946783,0.005140639837348668,0.0003535891565585877,0.006938529769914819,0.010445985357433376,0.007512772080174307,0.005410357917058274,0.012058266561664248,nan,0.002918953362938663,0.004232209063699108,nan,0.009455325659185786,0.04051357394496805,0.010721648035792323,0.006663522606436874,0.011670811794818355,nan,0.006574496310575574,0.0041768440539272055,6,0.00026091746380906613,0.02237228466277737
306.1031057320389,0.02938357735623649,0.00515358107983649,0.060753520109555814,0.003949055343078029,0.0038808070163684565,nan,nan,nan,0.014331782732509284,0.02384821515334815,0.04304767520428032,0.008946310339274859,0.0043624460092475765,nan,nan,0.0012926733218285521,nan,nan,nan,nan,nan,nan,0.029939976450922716,0.008182579788955808,nan,0.01574472061071409,nan,nan,nan,nan,nan,nan,nan,nan,nan,nan,nan,nan,nan,nan,nan,nan,nan,0.0009235781728530742,0,0.00027998716109725591,0.023754700194146133
124.09703449810895,0.13988366290463197,0.022920302020421376,0.006228129981323641,0.013242872717453901,0.004612675758172313,0.0030062529349084302,0.007245508716577873,0.006906561108620496,0.009491141111162569,0.009784881360277881,0.019686445555860518,0.011787301722558093,0.01650912812569815,0.021235235296336634,0.025668633079924678,0.056971159042779294,0.04216428277609593,0.01312578223460696,0.008296001295701867,nan,0.008681096237603358,0.010655930191276003,0.011014892129296738,0.008691044292260051,0.03360934709171185,0.00819491886681664,nan,nan,0.004416702626699695,0.0029817552608554176,0.0010177197068932443,0.007702291731269001,0.001009994280007888,nan,0.0010276886131837407,0.006064193910899033,0.005018293709963894,0.0102624948322593,0.003980248740953608,0.00237231014099279,0.004587468962044912,nan,0.004087516739653068,0.0009294190642639923,11,0.00028129521496850679,0.02361707742339755
116.52850748697917,nan,nan,nan,nan,nan,nan,nan,nan,nan,nan,nan,nan,nan,nan,nan,nan,nan,nan,nan,nan,nan,nan,nan,nan,nan,nan,nan,nan,nan,0.0010030652737593793,0.0016498195872892754,nan,0.0016244913779275057,0.0033293814806490928,0.0026725630760045297,nan,0.0016236526269070449,nan,nan,nan,nan,nan,nan,0.0004684347286081358,0,0.00031258388867976596,0.025973465389267151
476.1990410940988,0.0041025186804664006,0.001332742352358144,nan,0.0010267954262519724,nan,nan,0.0012048256300391815,nan,0.0011267735493280349,nan,0.0015923144882226618,0.0013602756658894716,nan,0.0019309358880316204,0.0014225740877394331,0.004655362299930946,0.0060071398312064464,0.0028326921046833127,0.0014379563616874031,nan,0.0011099952531147003,0.0012527978721872633,0.0010413074466038231,nan,nan,nan,nan,nan,nan,nan,nan,nan,nan,nan,nan,0.0013962867544151643,nan,nan,0.0007437690403176409,nan,nan,nan,nan,nan,5,0.00032939048585166184,0.027090686897595865
223.16945972181347,nan,nan,nan,nan,nan,nan,nan,nan,nan,nan,nan,nan,nan,nan,nan,nan,nan,nan,nan,nan,nan,nan,nan,nan,nan,nan,nan,nan,0.003444922762696341,0.0026125545929259345,nan,nan,nan,nan,nan,nan,0.003927740237215681,0.01246840419276093,0.0022223022568143565,0.0008119534155403653,nan,nan,0.0013511238956269412,nan,7,0.00033170240146188572,0.02700526622002827
142.12288886810018,0.0036950539277083726,0.0008705822305178479,nan,0.0015779986423021626,nan,0.0011996111971794576,nan,nan,0.00356968543042673,nan,0.0011227951048771842,0.0014774388652508855,0.0034802777227119063,0.0018377232356882214,0.005258464703051459,0.008303304763532079,0.006865219724394952,0.0033910822563767602,0.0006213077470927917,nan,nan,0.004145430844408785,nan,nan,nan,0.0015060897070910124,nan,nan,nan,nan,0.001138259867166471,nan,nan,nan,nan,nan,0.001452091154734328,nan,nan,nan,nan,nan,nan,nan,6,0.00034487909232646551,0.02779725484151312
416.2152831715006,0.09473375273035689,0.03957105338986482,0.009105719134034806,0.03825380029305224,0.005845059928692181,0.006378866221144293,0.016092105210649296,0.010814420049537938,0.03549019658015058,0.04303888055535605,0.016488578085869364,0.04404924804699177,0.032907113913163866,0.1164419171395695,0.08310716403117664,0.1735589866932199,0.16004890173492994,0.11950813730035519,0.01577351628208339,0.03434725656446019,0.018799934074737838,0.0701058741762244,0.03669337002087636,0.025186253822040053,0.07530832250650153,0.0277358968953567,0.0007449422404550938,0.015914148991751753,0.007714968360902029,0.007055189398283363,0.004905332118237462,0.04664999763395597,0.001261574073150685,0.0024396890828101625,0.0025189820458122046,0.0858316289001962,0.011575733121777603,0.038743112155334415,0.004222517007898508,0.00485162961478343,0.03653007688317617,0.03667565552037471,0.005408952909613584,nan,11,0.00035953629672772104,0.028691708431934967
314.34209849736465,0.0024668863719119,0.0012350581596799553,0.0007841217862114348,0.003924268626830453,0.000945475411313051,nan,0.0010091705140479672,nan,0.0035576457198898378,0.0011459013136842812,nan,nan,nan,0.0041262284773058,0.0018073880838780985,0.015108675641237922,0.012878854303189255,0.003671776764684555,0.00104047335303892,nan,nan,0.00310212986132522,nan,nan,nan,0.0013057395400872045,nan,nan,nan,nan,nan,nan,nan,nan,nan,nan,0.0012809187044133187,nan,nan,nan,0.0012442853527000121,nan,nan,nan,5,0.00037096783201562663,0.029313732608293633
178.05846749838295,0.042736854139569076,0.04262582893190785,0.011089996665708401,0.01759697790126374,0.005220575653047913,nan,0.004743325260215707,0.0069682896768117,0.007056090938974767,nan,0.007003077149402161,0.005727608315828893,nan,0.012034828316527435,0.043170483083449195,0.042100973716716575,0.03444818103462036,0.007512978875137125,0.004118129566471042,nan,0.006385179740483471,0.010465458880103602,nan,0.0018830482219544275,nan,0.004000772025010896,nan,nan,nan,nan,0.003436399044176001,nan,0.005242772724220282,0.005879175092197894,0.00491182115418706,nan,nan,nan,nan,nan,nan,nan,nan,0.010882100801888568,1,0.00038517079312506606,0.030140549442602256
202.0711234446322,nan,nan,nan,nan,nan,nan,nan,nan,nan,nan,nan,nan,nan,nan,nan,nan,nan,nan,nan,nan,0.0011138112031331185,0.00594566970034983,nan,nan,nan,nan,nan,0.13597904827797622,0.016072083437093248,0.016106295071326437,0.003907858943297257,0.006798782115867704,nan,nan,nan,nan,0.09533463272981413,nan,0.003242154432579154,0.0068589049453694016,0.014107978957109173,nan,nan,nan,0,0.00039188076712344115,0.03037075945206669
172.59522049148362,nan,nan,nan,nan,nan,0.0014566716429136612,0.0032507297499096716,nan,nan,0.001357015354467008,nan,nan,nan,nan,nan,nan,nan,nan,0.003276753276386651,nan,nan,nan,0.0008819013679730883,nan,nan,nan,0.0016636012252326945,0.002148669968666726,0.0012855439510219208,0.0012279216689113385,0.0010442709276874064,nan,nan,0.0009121621991650257,0.0010947216624387953,0.001759770791924409,0.0022764929448435035,nan,0.0008996416595922011,0.0011079717293055501,0.0017042742684373984,nan,0.0012665398343436386,nan,1,0.00043067213709577196,0.033059213571351637
567.329563226915,nan,nan,0.0009328893488565735,nan,nan,nan,0.0024702825144409224,0.004092858063430417,nan,nan,nan,nan,0.0024539440485538155,nan,nan,nan,0.0011694917233335286,nan,nan,0.5612182447097883,nan,nan,nan,nan,0.059865330293458044,nan,nan,0.002659722656148846,0.005993681940436581,0.001402410000855104,0.0013305120812132504,0.0017078109583225606,0.0016892932068746079,0.002794654231824678,0.0039051154895969405,0.001253393103306174,0.0017154167806768302,0.01614792777496529,0.001534168277566566,0.0006810514380943585,nan,2.017341229526332,0.0009328492998276427,0.01641903961540347,1,0.00043593035067396741,0.033147156853133748
293.0708306760204,nan,nan,nan,nan,nan,nan,nan,nan,nan,nan,nan,nan,nan,nan,nan,nan,nan,nan,nan,nan,nan,nan,nan,nan,nan,nan,0.00029943620973790666,0.013038808808947241,nan,0.008977709143945271,0.0030964252031045374,nan,0.0010237870679650652,0.001337269167000067,0.0011602258279575519,nan,nan,nan,nan,nan,nan,nan,nan,nan,0,0.00044186663718585249,0.033284533604840849
188.1283304210952,0.017209667169788872,0.0034469374012557033,0.0013413681272538304,0.006534972807461296,0.0009565713448562137,0.0012871043021673147,0.0023583850812328106,0.002018554073107284,0.007102105210311617,0.0014907996790487898,0.00144686642306722,0.0024477253210365003,0.008586603892647373,0.01205537756920308,0.01274529496549264,0.03401512385526711,0.032440337036773924,0.011087929506799784,0.003878297843769605,nan,0.00351658598635024,0.011967513399855217,0.0017771396516150768,0.002096487444658781,0.008784611548558802,0.0014561471153304302,nan,0.0019391637502739465,0.0018340609102689958,0.000995508388442032,0.0016880665679777638,0.0020784831410096344,nan,0.0010408781862404626,nan,0.002562794283987126,0.004362798933025188,0.002597710236104265,0.0023102340303710464,0.001156580405570025,0.0016831079754587599,nan,nan,nan,11,0.00045009558943654956,0.03359046713757953
204.61641735344355,nan,0.0007532053476630774,nan,nan,nan,0.00164065752474472,0.00800615457977675,nan,0.0010232014830980167,0.0015626886050401682,nan,nan,nan,nan,nan,nan,nan,nan,0.006301870552492174,nan,0.0012752341436069962,nan,nan,nan,nan,nan,0.001707167480709297,0.004351177188006116,0.0037835181688297176,0.002717968332386518,0.0030955240692183503,0.0014674509595382663,0.0015163785824367948,nan,nan,0.0015100771075679937,0.001814752636972049,0.004175482547664682,0.0022920720265999415,0.0013423469087537614,0.0017649051287336225,nan,0.0034480654208471147,nan,4,0.00045980617453135849,0.034000346483694953
211.09668081778068,0.012901613470946273,0.003989577874039706,0.002673590010327099,0.005980612134274235,0.002281936540174896,0.0035740816805214736,nan,nan,0.005739083044515117,nan,nan,nan,nan,0.009361641829006517,0.007608148630437725,0.030253524133650362,nan,0.00776008083515039,nan,nan,nan,nan,nan,0.005921724674729993,nan,nan,nan,nan,nan,nan,nan,nan,nan,nan,nan,nan,nan,nan,nan,nan,nan,nan,nan,nan,2,0.00046254098650801747,0.033891639556860191
268.94617423364673,nan,nan,nan,nan,nan,nan,0.0010861282095561374,nan,nan,nan,nan,nan,nan,nan,nan,nan,nan,nan,nan,nan,nan,nan,nan,nan,nan,nan,nan,0.0018515909741762281,0.0013391779337262818,nan,0.0015234230121564775,nan,0.0033477670354747913,0.002599814687767305,0.00344261220158712,nan,0.0010437906313652968,nan,nan,nan,nan,nan,nan,0.002462456846358266,0,0.00047411145423318404,0.03442647136143661
389.12763164569805,0.006900538493099928,0.0014263627209801799,0.00184269361884798,0.0032860908196369037,nan,nan,nan,nan,0.003131537290611182,nan,nan,nan,nan,0.004949469651173324,0.004024215659838015,0.025451007706092835,0.005245815937108497,0.0033854554387728443,nan,nan,nan,0.0033124845734903564,0.001050583859152694,nan,nan,nan,nan,nan,nan,nan,nan,nan,nan,nan,nan,nan,nan,nan,nan,nan,nan,nan,nan,nan,3,0.00049449897226378446,0.035586265325411634
323.0719255883149,0.06874982285801892,0.007101055221193795,0.04575769556164629,nan,nan,nan,nan,0.0012285232103146357,0.015575669131995767,0.020458989261174412,0.022207373121135295,nan,nan,nan,0.006880054523762593,0.017090730178626817,nan,nan,nan,nan,nan,nan,0.0242074732670271,0.005311743376965503,nan,0.008355787725485007,nan,nan,nan,nan,nan,nan,nan,nan,nan,nan,nan,nan,nan,nan,nan,nan,nan,nan,1,0.00050931782834247612,0.036328333596817322
237.11641431036796,0.009687648083910521,0.0033744589067601894,nan,nan,nan,0.003573634510343408,0.006625335179260118,nan,nan,nan,0.004393397752315464,0.006543573779657355,0.00874187825773818,0.007196339019238537,0.0053574659352691525,0.018159797024392212,nan,0.005558844083942163,0.003827466590302893,nan,0.005244997171355457,0.004578606994621273,nan,0.005847640676442791,0.030679939914550477,0.005548053574744304,nan,nan,nan,nan,nan,nan,nan,nan,nan,nan,nan,0.0069570831267215276,0.003730730865983557,0.0014144642582561136,nan,nan,nan,nan,5,0.0005207595004962255,0.036818610298241905
259.01036185648906,0.008792039843698718,0.001098246980682188,nan,0.0034172921572430868,nan,nan,0.004202958698066918,0.001432450810601605,0.0016292138107044329,nan,0.0015033966918494934,0.0022401022816146273,nan,nan,0.0012561009551254178,nan,0.019399643688083914,0.0009037690113992765,nan,nan,nan,nan,nan,0.001203378421309313,nan,nan,nan,nan,nan,nan,nan,nan,nan,nan,nan,nan,nan,nan,nan,nan,nan,nan,nan,nan,2,0.00054214789957045555,0.037997496265546708
248.87075158563584,nan,0.0010042387114322588,0.0050048644103067655,0.0049235314591263655,0.00443267894750602,nan,0.002363627477741359,0.004023483929878779,0.0031586167555352996,nan,0.000992919846305624,nan,nan,0.001091229480140692,0.0008937377864619184,0.012236193471919515,0.023750497271013065,nan,nan,nan,nan,nan,nan,nan,nan,nan,nan,nan,nan,nan,nan,nan,nan,nan,nan,nan,nan,nan,nan,nan,nan,nan,nan,nan,1,0.00056010575928459514,0.038917693274429628
226.95162677238,nan,nan,0.003155526773793744,0.01650701593127492,0.004333611161092759,nan,0.00221350803663589,0.001487884168852818,0.004950473592617726,nan,0.0011577515920035265,0.0017323551602586543,0.002470281251167802,0.0015750076008373371,0.0009948139370427132,nan,0.0677328023226017,nan,nan,nan,nan,nan,nan,0.000993089728853134,nan,0.0016731036158804404,nan,nan,nan,nan,nan,0.0013381124996424691,nan,nan,nan,nan,nan,nan,nan,nan,nan,nan,nan,nan,3,0.00056709960248841349,0.039066861504757369
128.107192725466,0.00011127229053337587,0.002383068694178433,nan,0.004093173717306336,nan,nan,nan,nan,0.0043798751781268155,0.005040897371507269,nan,nan,nan,0.006538950321470166,0.0073749186114903595,0.014414346520066559,0.01952861798572221,0.005053555261834375,0.003107545265284302,nan,nan,0.004322521962791471,nan,nan,nan,nan,nan,nan,nan,nan,nan,nan,nan,nan,nan,nan,nan,nan,nan,nan,nan,nan,nan,nan,2,0.00062545093033492991,0.042721478800843524
523.3030995336072,nan,nan,nan,nan,nan,nan,0.0017902531664395313,0.0017746920363713261,nan,0.0011818067927061133,nan,nan,0.0025581905009316817,nan,nan,0.0002935822109968462,0.006950115216804928,nan,nan,0.4992456745304143,nan,nan,nan,nan,0.06483429706486592,nan,0.00018455015621685294,0.0028046243435519555,0.006215442841496006,0.0014645069210300894,0.003832366496567326,nan,0.004067189804736627,0.0037057810486705576,0.0051559773555474,0.0011837129054988304,0.0012822297437268687,0.029049509772953917,0.0028344032423516336,0.0009910738914061345,nan,2.261950188965806,0.001271433339651488,0.018855819053414546,2,0.00063102519050828006,0.042740025508375946
244.1292971097506,nan,nan,nan,nan,nan,nan,nan,nan,nan,nan,0.0011365927217507176,nan,nan,nan,nan,nan,nan,nan,nan,nan,nan,nan,nan,nan,nan,nan,nan,0.0023510984047945046,0.0010002291069736106,0.0010464953066143755,0.0008954970860882375,nan,0.0009515250987379115,0.0013071687343219048,nan,nan,0.0015077845767590594,nan,0.0008454283474576908,nan,nan,nan,nan,nan,0,0.00065052464757498407,0.043693572162119762
196.97354204381406,0.008173420259574064,0.0057269041930286145,0.00629998114014119,0.016637547605156053,0.004531780464549952,0.008702209937442687,0.0178225499040556,0.013218719349033278,0.021323886054584303,0.0024313505752148108,0.007894669387252981,0.010870059786351206,0.01123043376041537,0.011244900312795458,0.0011651881120281504,0.028762691891204305,0.11693016871493168,0.00393707709972535,0.006713328353927756,nan,0.007548131805441515,0.0036158541961279827,0.0013885143248930146,0.005474249548328737,0.04425382893806932,0.004850254782192149,nan,nan,0.006088401385774791,0.0045738849136972085,0.005401260974298821,0.0051974074446073815,0.0045001455389711755,0.0026100182161124426,0.0015922026247077927,0.005344269816596533,0.0020738426537292277,0.004965833522866633,nan,nan,0.0023794154225080452,nan,0.004105722273767206,nan,5,0.00068734814240752984,0.045785339072766038
256.139191616456,nan,nan,0.008000443133255836,nan,nan,nan,nan,nan,nan,nan,nan,nan,nan,nan,nan,nan,nan,nan,nan,nan,nan,nan,nan,nan,nan,nan,nan,0.015246024006958481,0.005104545200395899,nan,0.00761377778264409,nan,0.006868958948814713,0.007120774130908584,0.007224060531611165,nan,nan,nan,0.002499481128562105,nan,nan,nan,nan,0.013564203943243865,0,0.00070507906197987496,0.046581452783260591
468.19150548310483,0.002904836500175829,0.0011162102160640946,nan,0.001404423856255598,0.002213115426143142,0.010342020182586288,nan,0.0011762477032832926,0.0014738597595049352,0.0012533171261689816,nan,0.0011345392170111043,nan,0.0041449571005014,0.004171898926604997,0.006540951539737179,0.006255433430231054,0.004928729200539418,0.01747628674590088,nan,nan,0.004325889393745543,nan,0.04573587259044396,0.030196569012447945,nan,nan,nan,nan,nan,nan,0.0012612761472355525,nan,nan,nan,0.0019248163039739933,nan,nan,nan,0.002799463675920878,0.001218504519203313,nan,nan,nan,7,0.00070699474774170608,0.046328273713806101
252.1889102226865,0.004487470350565414,0.0009526477215373928,nan,0.0015000718381835687,nan,0.001139540003514635,0.0017289952675159466,0.0015023808211219248,0.001664173910934125,0.0018835388149324804,0.0014898012939316566,0.002457295352387988,0.003441674108139807,0.004715550671764941,0.0036787596360319205,0.013391499667467369,0.012800650020747732,0.0031489066272236926,0.0015626555471178456,nan,0.0032039583518272668,0.002956843231428254,0.0016480289007718843,0.0021994208332017456,0.010985796184322239,nan,nan,nan,0.002098578228003207,nan,nan,0.00416670281366857,nan,nan,nan,0.004273851719383475,0.0015018223801124527,nan,nan,0.000762380022929345,0.0034635160927281358,nan,0.0009762633762257412,nan,10,0.00073817443236691351,0.047981338103849379
109.06499905327257,0.10162756283193276,0.02666451081891095,0.01857096875592285,0.04026289111181826,0.009158202609880069,nan,nan,nan,0.03138953156751355,nan,nan,nan,nan,0.059189352975497725,0.04363522761870816,0.23305260899347158,0.16421854270723218,0.04180029878334432,nan,nan,nan,0.033261309802136346,nan,nan,0.0003841620115691166,nan,0.001483541247793559,nan,nan,nan,nan,nan,nan,nan,nan,nan,nan,nan,nan,nan,nan,nan,nan,nan,2,0.00075165357619969334,0.048466622593356226
481.2526886372627,0.003374799370900603,0.0007052282109044578,nan,0.0011169207888850573,nan,nan,nan,nan,0.0022571056814427895,0.0015273961942820257,nan,nan,0.0010891296619601762,0.0015212887675246545,0.0036370109806531463,0.013979388743611244,0.05118008465164561,nan,nan,0.03354273930997108,nan,0.0008373145084877439,0.0010637814611772086,nan,0.08957800611482493,nan,nan,nan,nan,nan,nan,0.0016327584087891117,nan,nan,nan,nan,nan,nan,nan,nan,nan,nan,nan,nan,6,0.00075982742771806976,0.048604833868314622
106.08649975574268,0.14706511512693105,0.01342286668461931,0.016012470142285372,0.024618163206793914,0.011829419969048616,0.007974576260590536,nan,nan,0.028440331583853017,0.01446577879466031,nan,0.006200068929357836,0.01419698903291372,0.028883204241374,0.02217176950287343,0.09751458937822767,0.40038259265044734,0.013478683247159163,0.005475257188765266,0.017184468011274587,0.0041881389684935546,0.007420677084800538,0.02048637669552182,0.005685567308453918,0.08007138665991043,0.021848378157243144,0.002808347759068919,0.012534960205516036,nan,nan,nan,0.022777646674266145,nan,nan,nan,0.016786998939348312,nan,0.6765263393114852,0.0069580648391325065,nan,nan,0.08038370551601313,nan,nan,12,0.00078022522248665297,0.049516655852302548
