mz,MSS12b2.mzML,MSS12b1.mzML,MSS12b3.mzML,MSS12b.mzML,n_blank
70.01283775093061,4.606526352609823,3.47715816137534,6.711933020007343,25.92004615697522,10
71.08577700282312,3.337510114610634,1.6367462835416435,3.033369661671291,1.7450684363424591,10
71.95212935455541,0.4472878186712134,0.4899491888405113,1.249660878637476,7.308611627787577,11
73.0650478741012,0.832234117588522,0.623981347055552,0.80392412922838,0.5874463541422852,10
73.53203923710467,0.4180468708982082,0.5147069549813499,0.5599787090601445,0.6962334837751002,4
74.97560227749699,3.191332665080732,2.426579842989215,5.160781616841831,16.31120865009915,11
76.0177786622205,0.26528539898607717,0.20621880816576385,0.7254742210717101,2.4582801992040912,7
77.00861087843494,0.45401903338793387,0.39890826528429624,0.517394939627549,0.43376827720442934,3
80.0497311637918,111.3587704893105,73.251406021837,103.1824566170623,4.4424672897721,10
81.520830614555,2.234354280920893,1.7186908124116396,3.100577646961145,11.963931653458856,10
82.01404186242766,1.0500043518620323,1.339262530221609,1.5669895455427294,1.8447736291353076,8
82.53731848075667,0.5971316767010237,0.7539361802401601,0.9586185391040101,1.0002017040490054,7
84.95995336803068,7.569590506618741,5.493522529925659,16.580381088166096,104.10760607313922,11
87.52576421702311,0.5211745567790459,0.4868816227718095,1.224395659108941,8.4136321891344,8
88.07595204059385,3.233598098707926,25.560691812757355,3.1826159688882134,2.040135295661628,11
89.05996144700197,3.9355494773743565,2.661730398863946,4.073719477246952,1.9414589498883363,11
90.52611398284427,2.0154636120003766,1.6486783681878472,2.645502272530586,10.298433026135422,10
91.05447233881867,10.444836497902957,6.953196227208121,10.250689627570528,7.622180479918716,11
92.0578203742477,0.8728497189286899,0.8458560621273137,0.915932158344029,0.8049565407955771,8
93.07012027491155,1.4207210276865012,1.037949460223626,1.6364309128276426,0.9819279437450362,10
94.06538031870481,1.2965628504806743,0.9983870244376126,1.4286383465625416,0.7018119888009543,10
95.08579504981257,2.779356163763033,2.040999898091007,3.0090860550815153,1.744884007724984,11
97.00785261942892,2.0550750482686833,1.6345604640929265,3.8391792611839684,1.7144658490989098,4
97.99157080097406,2.1428882633518906,1.7803082162260837,3.5331390059393617,9.773980351792481,11
101.0599522232209,5.955605531441218,5.381454023272786,5.296508598834579,6.459074117122597,11
102.09158680118183,2.315391494824259,2.1254780854682336,2.2849154401282528,1.5611919321490768,9
102.97050760991961,5.021275594682302,3.0246871622588083,9.835789073384877,53.85310269950513,11
107.08577878865913,3.358279901305362,2.454832978403844,3.5212713356794807,3.0881052679624226,10
109.10142764824941,4.94756357016478,3.6184284192090597,5.1749970397577,3.0450441172086893,10
111.11704114347324,70.70047759989153,43.09685345458757,65.18963549646966,26.314161234484388,11
112.12041686602814,5.827897421462358,3.7486407210125585,5.750159688271849,2.807362364600489,10
114.09156647501248,13.64548144888517,9.048409825041901,11.693196033878516,6.886353513798154,11
115.0755668788491,4.467892200995025,3.209716031729568,4.393272749501821,2.570135904437608,9
116.07082790527221,1.0503970709057393,1.7869961266668963,1.0041528041751413,0.7125142508151596,9
116.98613896489363,0.7979269137689365,0.5543136548559718,1.7557287002266244,8.853312023316269,8
117.09122922919742,1.317597645223006,0.9088165250262611,1.328820323724174,0.9169867915508095,9
118.08648472375994,0.9144183597119321,2.0501381171129194,0.816232208813886,1.5628651905141622,11
123.11704164595406,3.5433635420387306,2.4480158108493897,3.4439416840325516,2.1221043518088054,10
125.09632103394925,2.4212460784691445,1.5697469839592761,2.353174977250239,1.1447630858016393,10
125.98646651065386,3.154722385682915,1.9453641729319104,5.232391364091492,27.75815187916483,11
127.11194914761379,7.433865980506766,5.2839320205739355,7.246715419919188,4.05603556542038,10
129.12761556349602,9.380280513947419,6.211508552630033,8.488293145238798,4.8815615086527036,11
130.15924087780954,2.760100149214204,3.2932673121624365,3.6762784135490154,2.913274644060495,11
132.10211262886315,0.7205399769926861,1.3228881036342997,0.7450865266920212,0.45707713977758657,9
133.0650261229157,1.196414340542224,0.8023546701547852,1.3203690998380442,1.1489353435580079,6
135.08067091141695,1.3284372062086354,1.0159191884696046,1.5659970989322516,1.3425753413010317,9
136.02176574555463,4.748394612548858,3.1350593933540756,4.6393611110765285,1.875884777035219,9
141.09124741467818,1.7058707176667283,1.1286116743783163,1.7246756944337231,0.8838543830580157,10
143.10686810004,3.6758514860057208,2.633844520949402,3.403270709049949,2.013925493217958,10
143.99701495676848,0.3458593899544251,0.2299565459767328,0.6162551767481841,2.667800656731397,7
145.01746247252328,0.9813336648008502,0.9408288715656765,1.9821598444406674,2.7088759752778935,7
145.12252972871912,18.589745354475898,11.839429801198555,17.055475168041497,9.888393098666103,11
146.12588013670518,1.6852892505764234,1.0597868421247016,1.6662992086208315,1.0372911198227313,10
149.02350211284576,3.1202193892587307,2.7036780167654793,4.2598134332753945,2.8432969657612506,10
150.11268642319322,0.9553679268530475,1.1216708262883128,1.1603793557884479,0.7204497904245672,8
150.9819077025223,1.5272301430708983,0.34697115375687065,3.6536620953232295,0.8093277167928644,1
151.11197502026474,2.8173319922136124,1.8768363930434677,2.693316065552895,2.841777314155679,9
153.1276119804594,2.0463954420234414,1.2714805180712727,1.79008899286558,1.0888769431991874,10
155.10684360304347,2.2174436545926692,1.5768748465788784,2.284874436737824,1.2200551894578464,10
157.12254780683685,2.323010038120441,1.5129159770378882,2.0993478085562165,1.1465137338318234,10
158.15413203810454,1.3990744776884216,1.110165250284426,1.4568146696764328,1.1151660616740782,11
163.1331288513081,1.333752003933467,0.8787457238987654,1.133708158800479,0.8942475470645952,8
168.03345144449187,0.18145932583962165,0.16066860878706984,0.42486814927467853,1.3078678353603552,2
170.09667978883894,2.2647441380484694,1.4523482644675865,2.0729163922644505,1.1155175816139253,8
171.13818816751794,2.560675151150889,2.0164717176785976,2.5561892086119977,1.5110134448577408,10
173.15376665448588,3.167275170612232,2.1820012851952715,3.1090150202036853,1.581783278408611,7
179.10690733174755,0.9160368569361536,0.6930445780226168,0.897256759624752,0.39524748764657547,9
182.08139386130432,0.33492579801141487,0.6796794123884181,0.2844441363421346,0.5098971775532768,4
183.08069705681717,6.402722656480837,4.2051740581059,6.1313551812548965,2.8857507249010284,8
183.6014559117713,0.3876064550590994,0.34190749637178297,0.6861444272208574,1.4751651113972513,2
185.15386979695336,1.2456540933125384,0.8792317824285689,1.3077423868824336,0.7929444754505885,10
191.039022231267,0.6422142767805933,2.551706703899453,0.9130404593732065,1.594910709738575,1
192.1596028329015,1.5791547128835828,110.06155036989153,1.7326127988860154,0.686631511837085,9
197.15387037578867,0.8148784612153628,0.7507256645669648,0.8571614091616302,0.4605734942900748,9
199.16941407735126,143.3317360107048,92.91461157259839,132.36945433693586,56.51446560816495,11
200.0443090969595,0.5329532935039754,2.025543017763401,0.8272000672132376,1.4255839651140136,2
200.1727537368559,18.56450908442109,12.226106539509438,18.311986904122616,7.399189027851236,10
201.18503529008615,4.453204302608663,3.0406865639694036,5.066816656568312,2.0850921581900805,10
202.18838375818467,0.665722634581023,0.4160685163693134,0.7448328267846861,0.3434929816018201,7
204.11479242238366,0.41204855134697754,0.31062045352051015,0.6263453020356987,1.533441371827536,3
205.06839607994416,1.68537985426131,1.6283215677703036,4.790211898788489,0.6940100384943954,10
207.15931268327867,1.1714462738868197,0.955843907661212,1.1793414354030134,1.405937878335326,10
209.1538032328147,0.6582812271579667,0.487272680310539,0.6073374193027278,0.31084258341491605,9
210.17019972512972,0.7923388103894098,0.5054707973066902,0.4655698768001026,0.38366764023096034,9
211.10958968523775,1.3036245779568818,0.9909691797572057,1.3719723466654288,0.6277708505537428,10
211.55238708398144,0.30867721989145175,1.467471944254172,0.5477454366635309,1.0613175118990263,2
213.18514094183888,0.73671897083476,0.5533676282152971,0.661336690336036,0.41946902898659305,9
215.16437486408282,5.405810002445109,3.7831800540818437,5.340361107790248,2.7003239147542106,10
216.1677215444156,0.8773437235445879,0.6511159802356481,0.8950800829873594,0.4295593766142074,9
217.1072433235869,9.601332889898018,6.59242189748242,10.241848254367444,2.756850029684604,7
218.11052847532392,1.206527216683199,0.6988308254931146,1.227543046445832,0.363596454702048,4
221.15378434250894,2.516988919807565,1.8173291265464866,2.521507745603864,2.025334773476676,9
224.18584057589652,0.34314377899753856,0.2020954514706311,0.2638030947394653,0.3132684437098276,9
234.13385900313997,1.8606465496606543,1.2138677943994325,1.327088444735128,0.5449864808839442,9
235.20590866185523,1.91286086572842,1.3926418344673053,2.0343332989516734,1.3381702445089771,10
249.18510164738362,1.6161133887033758,1.3147559590493074,1.7002722317796173,0.7227083290707227,10
251.04697946031416,0.9127931625565188,0.6166870833289426,1.1269688607485209,0.61481335821781,10
251.18555709532652,1.1500676180605496,0.8553039803968571,1.0621599166364615,0.7877376753313442,10
255.13592610361994,0.4900783722900519,1.0698107412457885,0.6198542184876739,1.9896956601281086,9
257.2477143019811,0.5222760770049178,0.3205227633228324,0.4853285055561578,0.27303785764684585,9
267.1720645730176,8.927662848475158,6.251415740440258,8.420231905449787,3.973548233031179,11
268.1754571566569,1.307553520683646,0.9187783847160701,1.2413208713053185,0.610980852816931,10
271.22699741646863,0.4162124039689142,0.29179205872272834,0.3984948439752007,0.14234285708104652,7
279.15921992422585,4.99871393715928,3.876786900632824,5.060056993956224,3.8721198638641554,9
280.16270147169223,0.8875568925017115,0.7364627196507657,1.0686531257783045,0.7434610713093098,10
285.24271782812997,0.8395505455258842,0.5921836489818181,0.81653452310887,0.40003354427813304,9
287.2218032994935,68.44046093329203,38.27817056433838,51.51436683606457,24.20751404444319,11
288.22521934863903,12.109030963583916,6.517244048218791,8.526822070192981,4.239403173937205,10
297.31538995686515,0.30786060135503,0.23154629395551096,0.4032969375320278,0.13946889680563132,6
299.1492266661523,0.6849227304733655,0.6044894141510884,1.3625790047450328,0.780144693871561,10
300.20194641250055,0.6298362054415868,0.674747576347077,0.6256014127668666,1.5805596171455267,10
304.24829659207614,104.72464292935314,59.467513461722476,66.13983901534999,30.338611430918508,11
305.25168599532014,17.711407051914847,9.837552984205283,11.216769000976466,4.853270393246156,10
309.20382941319076,7.515421253705059,10.728915616456348,29.52484590955425,6.381516941926427,11
310.2070210303336,1.1987843638944418,1.9427384013044038,5.0667530258888505,1.3347398889749496,10
313.31026686697464,0.515295264082335,0.37878393846597946,0.5455728055111472,0.41817811241931596,9
321.1311398456846,0.4778447102371959,0.7680280437070244,2.7950401289383167,2.2001325653994708,11
325.1776443931042,3.590879041747857,7.5676419244709265,4.9813858869073755,22.70414442035986,11
326.18101050867324,0.6899666448263175,1.3609943554659354,0.8906525396315643,3.8879931207142397,10
327.00819673150835,2.7719509875063446,1.9387344182340616,2.910071232436262,1.3490248988344884,10
329.0053061624433,2.9948700673628577,2.00752688641839,2.6787306521775722,1.373207661586908,11
330.3369783096369,0.6229599629835291,0.4862230886481482,0.36029566033300986,0.3473127562352803,9
331.0023657994088,0.9723031883128843,0.6523792743370798,0.9906145543092302,0.4326747294096682,10
337.1051742280098,0.2969511807022427,0.45269869279167957,0.3575057155952915,1.228870910875177,9
344.2281856695011,0.4970532068124944,0.9395040359417252,0.40770336208472585,1.0438152193496273,11
356.27991484599465,0.7617839803407171,0.543172797017503,0.5717993077020832,0.36752896363120363,10
360.1501735071544,2.2616939170664825,10.261932170344858,0.8624804677053094,0.14850729148959887,11
361.22217659343113,3.438965626510817,2.126907880258424,3.4377766391492237,1.7870231829014394,11
362.2256957732794,0.7972867611125216,0.4944815028942326,0.7699880639750141,0.5299920657610018,9
371.3157305343419,0.9959443593647093,0.6787677912429384,0.8796538944056199,0.4323168022085874,10
378.24882720776554,1.3654112403322374,0.7726920546273027,0.736096156219033,0.5513282037920608,11
381.0795581923798,0.5347035732209473,5.364767308312302,0.27608491295618504,0.3993647602134015,5
391.28450171040913,1.4441598608163324,0.8264695862978474,1.3097621124149912,0.6865601106579762,10
403.232877792228,4.08076275526782,2.4663964114054395,3.743300169393377,2.0733026300097745,11
415.21188660885275,1.2288972561741338,1.3120511195109907,1.6839694757342638,3.8291588841487965,11
416.21528208752017,0.3902190674583943,0.4829023359758764,0.4924696094073007,1.0177970484576302,10
432.23837055189216,2.8411332400829905,2.8123836476651327,2.8216292505778857,7.080984166258478,11
433.2417194449384,0.6295697543318803,0.7386757249176832,0.7592138403157476,1.760787081372444,11
437.1939000887471,0.3656734056956699,0.43713067922923177,0.9311540842165925,0.5763703771002987,10
445.1207140775675,1.9554751080810486,1.2826427361954706,2.0428602214047484,0.8458968462033953,8
453.1678020272659,0.47122656974382093,1.0791702309198667,0.47345449279859364,7.379414795847873,10
462.14715514448795,1.568228568171782,0.9279016664752345,1.081072696187953,0.5277667778692232,10
519.139191142502,0.7720590978923993,0.5977734714471864,0.736784711481049,0.44318079522204096,8
520.1394761356855,0.2992791491017485,0.18722840630576648,0.38224759335551955,0.08309712149142864,6
536.1657010697106,0.477576094534335,0.3580122306801862,0.4301457244551313,0.2653328328705199,10
74.5179506048889,nan,0.0892627544555962,0.2737452855539865,0.8241091428266882,3
78.52049426939587,0.28090590202537835,nan,0.9430583695441805,10.39174017074983,8
79.02147418802187,5.028785289865583,3.5644845860132595,5.5452294055018285,nan,9
80.5179158110247,0.12323243998235944,nan,0.32485652597999726,1.4568318012535795,2
81.05306226875132,5.991306887865963,4.097509454837995,6.195747234708416,nan,5
83.08577121246131,2.489757925623148,2.733517489483892,2.5447562565717123,nan,3
84.08102118828445,6.459411083522654,4.18909957175456,5.370903285391353,nan,7
85.0650559692581,1.3320967086256226,nan,1.1560583663937334,0.8294850443894758,10
86.06028909226626,1.11623162555548,0.7499944855554748,1.0996100684441312,nan,10
86.51793162532678,nan,1.3208235747590922,0.6257576096287341,1.1004560786968878,2
87.0442881372598,5.127882838289693,2.9001255273709354,4.425024732823202,nan,10
95.52322545685311,nan,1.1734203755865056,0.6491053378306132,0.9954071462799938,2
96.04460630121385,0.4590827383068679,0.3185091207227182,0.545720397146428,nan,2
98.98440754489636,4.758065190155306,3.976810795260129,5.517671835891665,nan,10
100.07594598075401,2.812747383912828,nan,2.9930917158424304,1.6445426115813904,10
103.07558152860354,0.3903471392200231,0.4536081729294988,0.5005275298695187,nan,2
105.03370523610594,1.278481385407709,1.127385325106747,1.3370061912207398,nan,10
106.0500949393839,0.600667900384081,1.0945036298754272,0.5160650378565442,nan,4
108.08099567661112,0.5751679107299762,0.5227447458566538,0.5738644935153335,nan,9
110.00893597414762,nan,0.5453223687086194,0.8357293209627585,1.287988658280835,1
113.05991677984825,1.492003863305588,0.999291625069601,1.4889112734665342,nan,9
119.08574358201028,1.8656193416671083,nan,1.7983708549216781,1.0919833342044258,11
120.02381476226951,0.7770201392503013,0.6952924866934875,1.5289706259698315,nan,3
121.06501339567346,3.6902342798331924,2.4646461625384397,3.703027434697748,nan,8
122.06027012343463,0.9370544380091154,nan,0.917267991207462,0.5695575320426374,8
124.12040533561604,0.4072095002746994,nan,0.38057392821007563,0.3029487119422904,5
128.03199537348925,1.0488788664976665,0.7592582273753415,1.0532154178494213,nan,4
131.00179047791318,nan,0.8392503066316124,0.6717894007884122,1.8220791936002056,4
131.16259240509885,nan,0.3313714731973982,0.4258371115018423,0.34308511545288756,5
131.53377702668018,0.23496305654974162,nan,0.7179454363351422,3.1958852850108466,5
137.05992196591987,1.5930792314175322,nan,1.7052149916499302,1.2122773606053443,9
139.11197913817296,3.1018450856547495,nan,3.0960807132523165,1.4436450713490594,8
140.5390555887727,0.17982605011332897,nan,0.43503493307473384,1.3896584094985232,5
144.1101999404382,0.4009064884680364,0.2720676522190379,0.4060774199488779,nan,8
148.06064395978777,0.43652654380466427,0.92356259081059,0.3672681223133174,nan,5
152.11526842030693,0.3019636311475591,nan,0.43961867329239634,0.3196664290719809,8
156.07699503781816,0.8520497825435985,1.5891129459479025,0.6696380941417531,nan,9
159.06535598676055,4.780318444691774,nan,4.646973205377262,1.3866723744984217,9
161.0962814536698,2.7946334499425483,2.163957868450309,2.8304736407528424,nan,8
163.07551201823046,1.4657360099989654,1.0772214160400766,1.4199321885533112,nan,2
166.08637277215797,0.41037307893865926,0.6993400865710525,0.34843121274762756,nan,4
169.1224826227573,2.3853076475560733,1.4654182697898945,2.1107330375869053,nan,10
173.99798277251423,0.7586707800055268,nan,1.5918189497709883,0.4009809395127243,1
177.00722230777,nan,2.170159421616063,1.2778788908172214,3.5219279440710527,5
177.1275726159838,nan,0.6051165302321041,0.8149355280172336,0.28023421707299884,2
180.08676673730074,0.2305352524078123,0.6996141853424691,0.26020943555206355,nan,8
181.15891009358356,0.37242167946796345,0.3562381070882281,0.4011822459530759,nan,0
184.0838956937805,1.1318021625694696,0.6270966127832941,0.9098310184103324,nan,9
186.14903452134212,0.48702794515633585,0.39043092055720935,0.36446970948409746,nan,9
187.13309205187096,0.9638313830104541,0.5846998811818189,0.7952988123517842,nan,9
191.54083141126307,0.07400039213291569,0.5239842399194411,nan,0.27291572184692164,0
192.6067976400475,0.27278975999337074,nan,0.37167262697482484,1.0247926051542662,4
193.14363808765228,5.198279943005218,nan,4.467195142825697,2.6451566417356775,10
194.14701102201178,0.5540336993163439,nan,0.47917354010158075,0.3315130153792872,9
195.10167150751843,1.8035363361813441,1.3257595434431269,1.7508523137374736,nan,2
203.05275131309241,0.721471061276624,2.6008592606963665,1.685529387326662,nan,9
214.08980619818388,0.38053001350323595,0.3579165824077264,0.38156051229566784,nan,8
214.25312529852638,0.24044231181636697,nan,0.3343028020432209,1.2424743221475167,11
219.1745054845698,0.39501356398824666,0.34623133602842504,0.5275976528198865,nan,7
222.15721001802692,0.44574972062129414,0.31878080463665726,0.5097098551778,nan,7
223.0638815392151,0.8333694466979467,0.6835974066162107,0.8485091452408229,nan,7
224.0530547579208,0.4542902259874069,0.34241996896121163,0.42915852326165643,nan,0
225.09123759795554,0.6899847346405354,0.6698477060480157,0.7468239596520115,nan,7
228.2323918261407,0.5241540677179928,0.41614150979327286,0.49333489751016973,nan,5
229.21639728516757,nan,0.33887513245228945,0.7312509679617303,0.3551824224988005,4
231.09950008408939,nan,0.511469004535575,0.3162207182693955,1.7747411750341426,5
233.06995807903434,0.37273838006160886,nan,0.7707267421106144,1.838482787419342,4
233.19009654846766,0.5794231401057832,0.3664656508914392,0.6201576298633381,nan,4
236.1130194557358,3.725658980637646,2.327656326717643,2.4070726311855286,nan,8
237.1698971762125,0.38854624925358666,0.3036159229003265,nan,0.316834377729113,6
239.16187950272783,1.3776474792817055,2.037272353963245,4.969910971531067,nan,6
250.1884427072226,0.402974164540739,0.29710076190318874,0.42275009788614304,nan,6
252.15955810802788,0.5089430077814119,0.33756971526990986,0.5340761885076295,nan,3
252.97396966768997,0.2870399209522101,nan,0.2701419926268603,0.6750186230547152,0
255.26846547285433,0.3139393716184951,0.12655522421274842,0.3142147748128852,nan,6
256.08588346650265,0.3608165482678011,nan,0.5710628922953862,1.5169300690156324,0
269.2840434569629,0.29210720775743515,0.1998184400328406,0.2831320621321858,nan,5
277.1801279598381,0.6852129405698371,0.46189661107370567,0.6145961164892976,nan,7
283.17530771710926,0.43635064484191216,0.32278326908528693,nan,0.6343739729691891,11
297.08259479841234,0.22433910450365926,0.13370131029290255,0.268174344142849,nan,2
327.1759314993903,nan,0.6496312163185469,0.3726650735853027,1.616049981527411,2
365.10553393999413,1.3864422212675829,10.929438211502825,2.229609820274796,nan,10
366.26413398147116,0.5519709451161707,0.3210164647520751,0.5855437058845898,nan,3
371.101610624678,1.5923972814980667,1.6018662812999636,1.8926296956824509,nan,9
372.10068224413965,0.4329111063197465,0.3509076203995943,0.48090394488846244,nan,9
373.09850868996125,0.3062934616802907,nan,0.4028969487727198,0.4542888504477208,9
388.25432141685644,0.33197754482837455,0.8357646465786082,nan,0.25965013656394875,8
446.1200862735896,0.5786387327770146,0.46579279689788694,0.6614158172801076,nan,8
447.11749497676465,0.4707151588421539,0.4455483246962045,0.47223148782638213,nan,5
454.17132986993596,0.1738814588564637,0.399408763168089,nan,1.9984859200106015,8
458.348095198873,0.494237277270493,0.4081121833668592,0.4947365209306536,nan,2
463.14673334099166,0.6285768245292485,0.3359811373767136,0.39888838738551147,nan,9
464.1438440100412,0.29498554973538516,0.23867649674627692,0.27459055193443876,nan,9
502.37433923465704,0.4634666578994906,0.24440959245683158,0.5251925091308072,nan,3
537.1660048857995,0.13433256386893627,0.1309387755772236,0.27847414897539896,nan,9
544.4002928787867,0.48710906586168945,0.3484676434252286,0.45013878563907267,nan,4
546.4005844248962,0.2822708326229545,0.2389118084254258,0.5579019010484365,nan,3
590.4267392227451,0.20344643849397617,0.2146940243329092,0.12988908142573977,nan,2
593.1582219958375,0.21658261993182326,0.08865798203010693,0.2688299012750258,nan,3
616.8300751591493,0.20093446679187266,0.14348626300090528,0.22307368306874753,nan,6
634.4529022962352,0.19928871888597668,0.0875525872436353,0.1405762671607162,nan,1
70.51452403019115,nan,0.22570617275737048,nan,1.3802466033988263,1
83.04940448543918,nan,3.143292215089986,nan,2.3963820354431555,10
89.96267271691636,nan,nan,0.9823254240936247,5.076417964724614,10
103.11194138751424,0.4238323903271993,0.25385885508002226,nan,nan,1
104.03087525153262,nan,0.47879015733236635,0.49050463505744785,nan,3
104.0708264680752,0.24115072646404037,nan,nan,0.832844878172407,4
105.00350993423709,nan,nan,1.1795705881301253,1.709649096241964,1
130.05008122076765,0.7722628273385638,1.6766983827218633,nan,nan,4
130.52593939615545,nan,0.3798310903754548,nan,0.5599193360460127,1
131.07047581695014,0.5330781183758727,nan,0.48023551420017696,nan,4
134.04114537518342,nan,4.329222249482265,0.3358909977469099,nan,0
140.0021123423922,nan,nan,0.4755762125506541,2.5220903232192153,6
140.11529161439188,0.4086547269707132,nan,0.40313141548437725,nan,7
142.05012124442814,0.06770069163839942,nan,nan,0.3089341199340157,0
146.9967150839999,nan,nan,1.6559161627916588,6.4425629818207915,7
149.99795337805568,0.7196283740471369,nan,0.8333393992681194,nan,0
160.0685572505813,0.4182049892743358,nan,0.5179366917810233,nan,4
162.09968219315135,0.4335283245963124,nan,0.40890034567454986,nan,7
164.99762943238036,0.7307161932523902,nan,1.4388911140609206,nan,0
165.0759896938242,0.656470390370607,0.5025810344555595,nan,nan,9
167.1065174689815,1.0004439300772898,0.7868213110419117,nan,nan,4
172.09350464031527,nan,nan,0.5368777554438056,1.7496067874171672,2
174.15717157643508,0.43970612499658623,nan,0.4108676513208485,nan,5
174.99158155121353,nan,nan,0.40032384888823047,2.39798862478939,5
175.11917745015242,0.6255594847480337,nan,0.6217145930514079,nan,2
178.0569957564411,nan,nan,0.7415293111534705,2.4011786870883873,5
178.97689757652196,0.36912322603531844,nan,0.9316635410575383,nan,0
179.00181567227293,nan,0.3616867226297567,nan,0.5104753386551981,0
181.0262212023107,nan,2.5640379122062704,nan,1.501710604076543,6
181.1225801014931,0.496152942212039,nan,0.5344807370085153,nan,3
188.02323362000772,nan,nan,0.3656226727116217,0.6334149776603379,4
189.0073280715652,nan,nan,0.3055509229773915,1.1067651790134936,4
189.12764925404028,0.34610520012226753,nan,0.4062958418555849,nan,6
189.56513922371226,nan,nan,0.5123367120156274,1.417868282507727,6
190.14399806731043,0.0990688546803332,0.36806154804338176,nan,nan,8
192.99242314002328,0.3121386620348215,nan,0.7845595581392044,nan,0
197.5625116355892,nan,nan,0.08954354514183706,0.6154965900284609,0
198.05284060957098,nan,1.302758947101028,nan,0.6727323614874043,4
198.0974417261267,0.5068139242624394,nan,0.14083947224363355,nan,6
198.57039425127695,nan,nan,0.14737724171717373,0.4997531429393765,1
202.07108656266746,1.7855409394552282,0.5611488964983505,nan,nan,0
210.06113603362328,nan,0.3912966096197405,0.7221491066645997,nan,1
215.0163573761463,nan,0.5385016660019816,2.808909697169699,nan,1
219.02666886700405,0.320582739929704,0.7345106185731712,nan,nan,1
221.042390199042,0.4647871112615393,nan,nan,1.1970270738082935,8
227.16438533010557,0.9018621732790869,nan,0.8848156590067514,nan,9
229.143572091863,0.6838309509166879,0.5092844796496294,nan,nan,6
230.990433669739,nan,0.2739686927534739,0.426022449569282,nan,0
240.02710753661526,0.2925587058128673,nan,nan,0.4478247195357714,0
240.16528507595962,nan,0.2869847247663877,0.7600135435641933,nan,7
241.0684706716515,nan,0.3889265888259089,0.9466928607031547,nan,5
242.28442462428293,0.17342197242153357,nan,nan,0.7227299378733151,10
244.19092682116207,0.28241609228498693,0.2676967103938654,nan,nan,9
247.20581887709088,0.19493037499223054,0.10467651588473817,nan,nan,8
247.59640372283747,nan,nan,0.3339965451145419,3.2977696166635804,4
253.12024368952163,nan,0.2672380368457656,nan,0.8215136576191784,1
253.1800667484341,nan,0.11183994163739835,0.24113416806667817,nan,5
256.1756328687997,0.5835997741349166,nan,0.4847608691553812,nan,11
259.1542800784348,0.28454388735565334,nan,0.3034469279350732,nan,6
261.1309631334114,nan,nan,0.45539349354409403,0.375122280111182,8
261.2789433576146,0.3281832707185667,nan,0.28228926418326433,nan,2
265.17991432674967,0.28483963777984117,nan,0.2749394064489102,nan,3
267.03909123699543,nan,nan,0.6847709507765792,3.698502013068967,7
271.2634486526103,nan,0.22112098079352302,0.37320901990013766,nan,5
272.0655714030489,nan,0.2800230142994135,nan,0.8899383498034258,1
282.0785761782463,nan,0.38011781113389304,nan,0.3856873932329643,0
289.2290905204625,0.7669735408901934,0.5063164455417019,nan,nan,9
301.14116000590394,nan,0.32536878478968906,0.7003836430739813,nan,4
302.3056791410113,0.22393200637685615,0.18405120072849807,nan,nan,6
316.1757552174119,nan,nan,0.5457981184558778,0.3428691321207741,9
329.15981965948316,0.37021010948843286,nan,0.30236520638423037,nan,6
330.0087747760562,0.3224921430124822,nan,0.3480422976464371,nan,9
348.18095544976717,0.10426019328847194,0.15578075053680124,nan,nan,4
349.16483183983667,0.3127885811293969,0.10607488018456404,nan,nan,2
353.1362156021883,0.09346731922721513,nan,0.10005299523565105,nan,6
387.19358329779544,nan,1.2803044570849775,nan,1.2117607594642967,8
392.2878678869236,0.35482639747883127,nan,0.4201231039132306,nan,8
404.2202288713472,nan,1.0767656303627746,nan,0.8080703860001593,7
404.23639256964475,0.8493861475913811,nan,0.849426236122068,nan,3
409.1753541216613,nan,0.539583522151907,nan,0.3905895343621697,7
425.14929414356413,nan,0.463213480157525,nan,1.0410567468171372,5
427.076229298035,nan,0.4927836340286005,nan,0.4593767602751823,2
476.30711216485435,0.10776741400015832,0.3997095747443857,nan,nan,9
545.4038368686295,0.27189774146207457,0.0982095462315395,nan,nan,0
70.98068249005074,nan,nan,nan,2.0859848195002755,1
71.0493418066889,nan,2.164699752500101,nan,nan,1
71.51260075686804,nan,nan,nan,1.247063177516656,2
72.0810173650149,nan,0.07882607030234173,nan,nan,1
72.08912440281551,0.25201061916394024,nan,nan,nan,2
74.02035291232089,nan,nan,nan,0.5771098923037485,1
76.03953783620642,nan,0.09133774563858628,nan,nan,0
77.02070322632396,nan,nan,nan,0.5698402472098886,0
77.5126724243164,nan,nan,nan,0.14017462731626829,0
78.02288795294206,nan,nan,nan,0.7339421425021877,0
79.01813085165466,nan,nan,nan,12.364945466828237,1
79.51979706397407,nan,nan,nan,0.7659411776745122,1
81.07013867549907,nan,nan,nan,2.2035541266533736,5
83.51730039057495,nan,nan,nan,0.3714044772496455,0
84.01527982517418,nan,nan,nan,0.8906858636140368,1
84.52054928835773,nan,nan,nan,0.07816697476777808,0
85.52831490672516,nan,nan,nan,0.4134372835141147,0
85.96334472459642,nan,nan,nan,1.2681555464781593,1
86.99298358006388,nan,nan,nan,3.224503045107745,1
88.95284514448271,nan,nan,nan,2.2981757230037743,4
90.05518274566289,nan,0.61043733259539,nan,nan,2
92.52232738483083,nan,nan,nan,0.41355449870492145,0
92.9417405130624,nan,nan,nan,0.9114182533757635,2
92.98615507738262,nan,nan,nan,1.0836006263894324,1
93.52580617312309,nan,nan,nan,0.5416200723296815,0
94.53360697482131,nan,nan,nan,0.5785621210950298,0
95.04937247952735,nan,nan,nan,1.2987933108422083,1
96.03342875518632,nan,nan,nan,1.9744534138157435,4
96.53110923193995,nan,nan,nan,0.9813371356307449,0
97.06503212840329,1.741001858409114,nan,nan,nan,8
98.09666990986042,nan,0.5165024139635991,nan,nan,0
98.53616227304066,nan,nan,nan,0.884943701222812,0
98.97561702745767,nan,nan,nan,10.431945944379603,2
99.52939805235386,nan,nan,nan,0.708611600560904,1
100.11231087342043,nan,24.463372608435776,nan,nan,0
101.9500922294687,nan,nan,nan,0.6735004371624976,2
103.538896495089,nan,nan,nan,0.13848305800363725,0
104.10722972920382,nan,0.4338654931743806,nan,nan,4
105.94873169231101,nan,nan,nan,1.1893932198846922,0
106.08650953795846,nan,nan,nan,0.6223530714665512,10
106.96339148114821,nan,nan,nan,1.5421212425556998,1
107.54148784395456,nan,nan,nan,1.1760177061001589,0
107.97321831635011,nan,nan,nan,0.4901596721388153,1
108.53103891443413,nan,0.9747587643148639,nan,nan,0
109.52834647724855,nan,nan,nan,0.6182953068619033,0
109.54755257754805,nan,0.28157307895015915,nan,nan,0
110.10477847443299,0.5334656320884228,nan,nan,nan,7
110.97561212477984,nan,nan,nan,0.9690975078181451,1
112.97869348474042,nan,nan,nan,1.5208690689610709,1
113.96391773140981,nan,0.23155525631315946,nan,nan,1
114.95403361162802,nan,nan,nan,2.1942192914435314,0
117.45672702943602,nan,nan,nan,0.5214319647526332,0
117.53626593308611,nan,1.0848218936530096,nan,nan,0
118.53361369438551,nan,nan,nan,1.150550727184367,2
119.07050241329223,nan,5.30447175266926,nan,nan,0
120.02561157926732,nan,nan,nan,3.680413937708205,5
120.5274826175305,nan,nan,nan,0.34214247331731623,0
120.93643380085645,nan,0.9448770689337515,nan,nan,0
120.98105806410774,nan,nan,nan,6.276741385988843,3
121.55709634993157,nan,nan,nan,0.88036908421197,2
121.9581074987871,nan,nan,nan,0.4067341575703918,1
122.06837857924792,nan,nan,nan,0.31204327485586475,0
122.08138809127934,nan,1.357627994351408,nan,nan,0
122.47599446448339,nan,nan,nan,0.21530164977127492,0
123.959346667907,nan,nan,nan,2.685779683018611,0
124.09704406604865,0.37812009979146055,nan,nan,nan,9
126.4620523444284,nan,nan,nan,1.211020113567688,0
127.00687629480547,nan,nan,nan,1.3718698421922983,1
127.53892981614524,nan,nan,nan,0.6167778328876007,0
128.01952555170465,nan,nan,nan,0.8538324695678517,0
129.97968116039834,nan,nan,nan,0.8382309978511493,0
132.0638982630589,nan,nan,nan,0.15069837591332055,0
132.96457417786135,nan,nan,nan,0.9066507484875169,0
133.0975058981885,nan,0.7840284910260122,nan,nan,1
133.55708058319817,nan,nan,nan,0.2854971330749445,0
134.0448764477065,0.2594039159272459,nan,nan,nan,0
134.11777991120985,nan,1.4746091675584294,nan,nan,2
134.5430405036863,nan,0.48612584706766204,nan,nan,0
134.99671679525488,nan,nan,nan,1.243470839718234,1
135.46727862884035,nan,nan,nan,1.2850480185171878,0
137.08097563112216,nan,14.252624661784994,nan,nan,1
137.97000954786478,nan,nan,nan,0.6709806665191103,0
138.0175249656549,nan,nan,0.12901507667402753,nan,0
138.08441446062346,nan,0.971768324312815,nan,nan,1
138.9469513046762,nan,1.384739624146873,nan,nan,1
139.05036406701518,nan,3.564016153453498,nan,nan,1
139.53123019571947,nan,nan,nan,0.5083651302004816,1
140.9799346923828,nan,0.34797386730967217,nan,nan,0
141.11370197608753,nan,1.4206549778604576,nan,nan,0
142.03890553248962,nan,nan,nan,0.659504047201151,2
142.0945587158203,0.22575714494041385,nan,nan,nan,0
142.92730586885207,nan,0.4405398604969688,nan,nan,0
142.96859741210938,nan,0.32381879482525716,nan,nan,0
143.00177690459304,nan,nan,nan,5.4108371337262025,4
144.06573302875566,nan,0.26538616480120675,nan,nan,1
144.47255111533974,nan,nan,nan,0.45019821198641574,0
145.9763313017192,nan,nan,nan,0.5038995622631877,0
147.0442265136674,0.6923728993449035,nan,nan,nan,2
147.11302108295268,nan,0.5660994539090017,nan,nan,2
148.58061336660757,nan,nan,nan,0.13146164193568188,0
149.95300666565717,nan,nan,nan,0.5165497992025685,0
152.0020944566961,nan,nan,nan,0.32004699107500206,1
152.98021639855534,nan,nan,nan,0.3527295721394106,0
154.01780686331276,nan,nan,nan,0.3232023997225553,0
154.10760937551353,nan,2.9961012246301655,nan,nan,1
154.1309681414368,nan,nan,0.24468713241759246,nan,1
154.93246079056874,nan,nan,nan,0.4367919182214455,0
155.48292614577218,nan,nan,nan,0.45473400853213514,0
156.0544983801035,nan,2.2580950874105765,nan,nan,0
156.98102292589192,nan,nan,nan,1.3757360590003225,1
157.58590387203833,nan,nan,nan,0.3849223746171524,0
158.00304412841797,nan,nan,0.25481839823062086,nan,1
158.0127152226215,nan,nan,nan,0.5833562182112729,0
158.483254550531,nan,nan,nan,0.4363148075859109,0
159.06296819106913,nan,17.43961514197052,nan,nan,1
160.06630489641907,nan,0.9896488253120787,nan,nan,1
161.0123269725648,nan,nan,nan,6.555540502178041,3
161.96293354338505,nan,0.6105508060013951,nan,nan,0
162.11268061735493,nan,0.599066341328858,nan,nan,1
163.0280369170016,nan,nan,nan,0.952327485660474,1
164.07890932699195,0.18525631857535546,nan,nan,nan,1
164.09197570705777,nan,nan,nan,0.2791842428423801,7
165.00722342840123,nan,nan,nan,1.4758505627166956,1
166.10759834085562,nan,nan,nan,0.3771876377372618,10
167.01296430788705,nan,nan,nan,1.0003495317101514,1
167.10475552208138,nan,nan,2.2525043855881406,nan,6
168.00847479860136,nan,nan,0.239692261214962,nan,0
169.05173589154583,nan,nan,nan,4.176342992629108,1
169.55348462562904,nan,nan,nan,0.7673007733818118,1
170.01275326921504,nan,nan,nan,1.1756884650032948,0
170.99673911742698,nan,nan,nan,0.53557555421226,1
172.13343528779174,nan,0.47827108745189084,nan,nan,5
172.1414505352391,0.4092813251509477,nan,nan,nan,6
173.0123438144548,nan,nan,nan,0.7767511068039602,0
174.14908201052467,nan,4.644566587451234,nan,nan,4
174.87805215662632,nan,nan,nan,0.32856969545407794,0
175.0368280001576,nan,2.559516104027348,nan,nan,1
176.10310884598087,nan,0.5429122413643108,nan,nan,2
176.1042660222075,0.283831710438926,nan,nan,nan,0
177.05484260969092,nan,nan,0.8983893582921471,nan,2
177.11238994479876,0.7019016960997461,nan,nan,nan,7
177.99286217057391,0.5620779459328697,nan,nan,nan,0
178.0494003909799,nan,0.5892075985428826,nan,nan,0
178.55877387307925,nan,nan,nan,0.5051977655197111,1
179.02300561777972,nan,nan,nan,0.6594359124689456,0
179.93312561275226,nan,nan,nan,0.5283250052695282,0
180.05462925608697,nan,nan,nan,0.4234636422844398,0
183.99206011632876,nan,nan,nan,0.6277025483114399,1
185.0123216670293,nan,nan,nan,0.9077105848751329,2
186.0439392978953,nan,nan,0.26093767427931475,nan,1
186.04883213536556,nan,nan,nan,0.5439350200012091,0
187.0281229791074,nan,nan,nan,0.5736531539293465,0
188.12836497251362,nan,0.19932185073280007,nan,nan,4
189.07357999451514,nan,0.4700760569907316,nan,nan,0
190.0670108681659,nan,nan,nan,0.2924292453221084,0
191.0229673015327,nan,nan,nan,1.1884463690579181,4
191.10452528505158,nan,nan,0.89883052186074,nan,3
191.4410347411308,nan,nan,nan,0.5144241379413469,0
192.05553575149733,nan,0.6231396820906063,nan,nan,0
192.88841168766214,nan,nan,nan,0.7024623048774237,0
193.0022293186638,nan,nan,nan,0.44943034569894436,0
193.16297744117242,nan,10.268122968681435,nan,nan,0
194.16414385191786,nan,0.6088477090938014,nan,nan,0
195.122894550304,nan,nan,nan,1.9010503215303511,10
196.10512581899314,0.3053003772638621,nan,nan,nan,2
196.126235951468,0.17806874835308875,nan,nan,nan,6
196.868568541121,nan,nan,nan,0.23775505921466986,0
196.9885812607322,nan,nan,nan,0.35482420215504884,1
197.00619139766104,nan,0.45329468957530467,nan,nan,0
197.01242974072767,nan,nan,nan,0.35865180788557255,0
197.11336639700514,nan,0.6907052035128554,nan,nan,0
198.0075763036732,nan,nan,nan,0.6323520842134406,1
198.12794494628906,nan,nan,0.22809215864789154,nan,1
198.99481446355918,nan,0.23646115130819567,nan,nan,0
199.0286203803576,nan,nan,nan,0.27351672713840536,0
199.03046856525026,nan,nan,nan,0.25617915983124934,0
200.54601943827097,nan,0.2363175793177543,nan,nan,0
201.0466258450202,nan,nan,nan,0.3761418721978457,0
201.0524646215938,nan,0.9850830019989271,nan,nan,1
201.99281978065366,nan,nan,0.3988754281199746,nan,0
202.05998266437118,nan,nan,nan,0.8235309817247669,3
203.0229301570392,nan,nan,nan,0.6840035296706377,0
203.5635727739886,nan,0.387656846806058,nan,nan,0
204.6165388228177,nan,nan,nan,0.45018024652844646,0
206.0718098719686,nan,nan,0.4179296967954624,nan,7
207.00819588191496,nan,nan,0.4708872211552187,nan,0
207.0445742803869,nan,0.4820360245273974,nan,nan,0
208.1567850817189,0.10827065613956445,nan,nan,nan,1
209.11061788686126,nan,nan,nan,0.2635951668729012,0
210.89895812802195,nan,nan,nan,0.3306379635681038,0
210.9680428235471,nan,0.39080644334268144,nan,nan,1
212.05387588086745,nan,0.27025277479521703,nan,nan,0
212.16455078125,0.09140396589857959,nan,nan,nan,1
212.62244820581412,nan,nan,nan,0.4546633611484656,0
212.84266789339938,nan,nan,nan,0.2374538551203942,0
212.98363204824912,nan,2.0002661817420866,nan,nan,1
213.04372386099908,nan,nan,nan,0.3790394199888814,0
214.0025803133808,nan,nan,nan,0.393908118783563,1
214.91781297159943,nan,nan,nan,2.1638728271392367,4
215.0592610379599,nan,nan,nan,1.8109814821230534,2
217.18008271864463,nan,nan,nan,1.813023597723089,4
218.18346240785058,nan,nan,nan,0.36218786229119576,7
219.01780632712612,nan,nan,nan,0.5043146104075555,1
219.05435395129527,nan,nan,nan,0.6376054102622977,1
221.03344086119301,nan,1.9300096626450003,nan,nan,1
221.03861771934828,nan,nan,0.4669772598941584,nan,1
222.07918198729305,nan,nan,nan,0.618448494846173,0
223.02813285238415,nan,nan,nan,1.4184667960865085,1
223.03442442178644,nan,0.7461928526044852,nan,nan,0
223.0967271487328,0.4854951555134378,nan,nan,nan,3
223.16954803466797,0.2000129943322985,nan,nan,nan,1
225.5412609115549,nan,nan,nan,0.41670791817006547,1
226.9380819550341,nan,nan,0.1385307773740557,nan,0
227.08316016305557,nan,nan,nan,4.099123182769537,3
227.16772154780594,nan,0.638114536949351,nan,nan,0
227.58483168307455,nan,nan,nan,1.150982819481167,4
228.08666992697624,nan,nan,nan,0.25389143255058433,0
228.9335180740683,nan,nan,nan,0.31358286016305265,1
229.07056970869533,nan,0.5695484180865229,nan,nan,0
229.0749706485847,nan,nan,nan,1.1164064739469242,1
230.24806872610736,nan,nan,nan,0.33748190268763517,10
230.98150634765625,nan,nan,0.33238867052614884,nan,0
231.08451874900084,nan,nan,nan,1.5348250052338432,4
231.58628140297782,nan,nan,nan,0.4387848277303064,0
232.92846135373148,nan,nan,nan,0.7921710813298959,3
233.0730093913629,nan,0.30235140892243717,nan,nan,0
233.0771905779431,nan,nan,nan,1.754845163189812,0
233.5871489204648,nan,nan,nan,0.9722758444103096,2
235.00313286305416,nan,nan,0.4285881098754076,nan,0
235.01292140298628,nan,nan,nan,0.3448627535475499,1
235.04915373396122,nan,nan,nan,0.3955963274248606,1
236.08853223791448,nan,nan,nan,3.871373438869179,1
236.59016501693608,nan,nan,nan,1.303324794002914,4
236.99830627441406,nan,nan,0.3293959029976474,nan,0
237.0437774658203,nan,nan,nan,0.2953556467274585,0
237.0626143697324,nan,3.176437204472668,nan,nan,0
237.14623439719065,nan,nan,1.484692586845264,nan,2
237.56439534805716,nan,0.7426919067526027,nan,nan,0
238.09009572366065,nan,nan,nan,0.2728557322932129,1
238.88491258135915,nan,nan,nan,0.7295060563420742,0
239.14900137824648,nan,nan,nan,2.2840688601330497,5
240.15241106177407,nan,nan,nan,0.35228286458659336,5
240.16349130089307,0.23707948750634797,nan,nan,nan,0
241.038677129119,nan,nan,nan,0.2858554790512694,0
241.19111520798592,nan,3.354238828735679,nan,nan,1
241.60699852935545,nan,nan,nan,0.35983815627441285,0
242.0966758504028,nan,nan,nan,0.2615756651360437,0
242.10659790039062,nan,nan,0.08715472052787826,nan,0
242.19457747886142,nan,0.5734520227512021,nan,nan,0
242.59256761410037,nan,nan,nan,1.7684071157129921,4
243.02089103763117,nan,0.28558525261957474,nan,nan,0
243.09353180797044,nan,nan,nan,0.550518836877905,1
243.1591471956918,0.06747740998918957,nan,nan,nan,4
244.0886571690472,nan,nan,nan,0.29815974482278673,0
245.07856854671124,nan,nan,0.4261111074017642,nan,0
245.1152844183441,nan,nan,nan,0.4904436436317987,1
245.19431091882865,0.05424076823691393,nan,nan,nan,1
246.1701570358093,nan,0.048911839695807396,nan,nan,5
247.08564132852234,nan,nan,nan,0.4924775093595267,1
248.0981293013799,nan,nan,nan,1.0488376746064452,3
248.99187937656316,nan,nan,0.4920594040841569,nan,0
249.02849240997554,nan,nan,nan,0.5692585683959174,2
250.61254693916743,nan,nan,nan,0.2138375487018252,0
251.0886436196194,nan,nan,nan,1.0903919045220258,0
251.97328418592625,nan,nan,nan,0.36425338742737323,0
252.05038699120803,0.08975236199513228,nan,nan,nan,3
252.0871921535736,nan,nan,nan,0.8478884575089998,2
254.10061487388356,nan,nan,nan,1.350996408928379,3
254.12768206986942,nan,nan,0.2147961064840572,nan,1
254.6021362306077,nan,nan,nan,0.4258894397630647,2
256.1309433939071,nan,1.336676392131259,nan,nan,0
256.8955651716781,nan,nan,nan,1.0500066438226578,0
257.00997239918695,nan,1.2108985653104851,nan,nan,1
257.04238862169467,nan,nan,nan,0.460379350086938,2
257.142793610292,nan,nan,nan,0.2823173098306638,0
258.1015473935656,nan,nan,nan,0.5556805349033663,4
258.11026615467387,0.23858073593471207,nan,nan,nan,0
258.17022594358787,0.08011120610575409,nan,nan,nan,3
258.60327101379664,nan,nan,nan,0.2785338639496241,0
258.8391548314868,nan,nan,nan,0.23049860554099713,0
258.94401425514627,nan,nan,nan,0.2879278930402113,0
259.075832721533,nan,2.728272319460985,nan,nan,0
259.19052995420117,nan,0.07511925162664188,nan,nan,1
259.5774897228676,nan,0.6771270823027533,nan,nan,0
260.0913968474645,nan,nan,nan,0.5868765685452446,4
262.20152013412775,nan,0.24866930146541108,nan,nan,0
262.60817076900094,nan,nan,nan,0.44195474694006565,0
265.02335889514774,nan,nan,nan,0.8604275933761368,2
265.0597046107295,nan,0.42520407157936874,nan,nan,0
268.04248991509064,nan,nan,nan,0.4431314634982931,0
269.05449746050033,nan,0.37606976313844553,nan,nan,0
271.2059955020517,nan,nan,nan,0.24318347519306005,0
272.5673671752747,nan,nan,nan,0.07745708791284403,0
273.1016004821636,nan,nan,nan,0.49829748019109416,0
273.1041261756563,nan,0.11979703395070887,nan,nan,0
273.1674274001079,nan,nan,0.37901850779171264,nan,5
277.1049804538914,nan,nan,nan,3.5356373054801344,5
278.1084057228494,nan,nan,nan,0.5081489165419839,2
279.91154652627637,nan,nan,nan,0.3193454378474244,0
281.05466071446347,nan,nan,nan,0.39507256522714007,0
281.0706703016407,nan,0.5503706158176392,nan,nan,0
281.13869458702527,nan,nan,0.22455793037797167,nan,7
283.1178946868658,nan,nan,0.2870613422983519,nan,0
289.1540805968673,nan,nan,1.039389938547881,nan,0
293.20438760328216,nan,nan,0.10186952942688444,nan,0
294.00073018352043,nan,nan,nan,0.21857580213927563,0
294.2066249359081,nan,nan,0.21279969391595752,nan,9
295.13651175844967,nan,1.6414445505844895,nan,nan,1
295.1947543929369,nan,nan,nan,0.6427487240545456,0
296.117230685749,nan,nan,nan,0.2539478625147187,1
296.14001077064023,nan,0.2792907647840933,nan,nan,0
297.03955078125,nan,nan,0.20775955099337626,nan,0
301.13271379239285,nan,nan,nan,0.983729682354993,0
302.269161105418,nan,0.2248692130301903,nan,nan,1
305.12815647900817,nan,nan,nan,0.9801324030086912,1
306.1955828902365,nan,nan,nan,0.46880820693382447,0
311.0655544527096,nan,nan,nan,0.29596207515835254,3
311.2104751213991,nan,nan,0.3980958494452594,nan,1
312.1591029001078,nan,nan,nan,0.46138830528240304,0
313.08071814962017,nan,0.47667145598426136,nan,nan,0
313.2053878071502,nan,nan,nan,0.3513940560086433,0
315.1439562827418,nan,nan,0.35484484925637266,nan,8
315.19584016017996,nan,nan,nan,0.3696745585940415,0
317.11519980299033,nan,nan,nan,1.9626469671155784,3
318.1226410339557,nan,nan,nan,0.6673655473474124,4
322.1345253309328,nan,nan,0.4230880330194676,nan,10
328.01181384907255,0.3021841877286015,nan,nan,nan,7
328.17948454478943,nan,nan,nan,0.4140552282642198,0
329.21156852063814,nan,nan,nan,0.79421470452081,0
334.14619941807695,nan,0.33239096627535275,nan,nan,0
337.1259405228431,nan,nan,0.502455340611324,nan,0
338.10842746405564,nan,nan,nan,0.34999796403882566,3
339.12621496792025,nan,0.10392073395673118,nan,nan,0
341.2003892262945,nan,nan,nan,0.31302750137316926,0
343.1236233066763,nan,0.7480394468162066,nan,nan,1
345.23153714468,nan,nan,nan,0.1307021092755669,10
346.238447436967,nan,nan,nan,0.10569309249727583,0
347.18366561979946,nan,nan,nan,0.2410077284126513,1
347.201093434098,nan,nan,0.222171419918573,nan,1
348.9902170787168,nan,nan,0.39700099721002335,nan,3
349.057133140535,nan,0.6226127452517505,nan,nan,0
350.98729052327536,nan,nan,0.2808009542471457,nan,2
350.9914601976237,nan,nan,nan,0.12180545954232573,1
353.0920469013775,nan,nan,nan,0.5323303810911468,1
355.07017906692784,nan,nan,nan,0.24874726026908614,8
355.19696570775744,nan,nan,0.147874424968008,nan,0
355.20622012908285,nan,nan,nan,0.25274340209657364,0
357.28310085131307,nan,0.06858235068834702,nan,nan,2
362.0970531944613,nan,0.9973013841811246,nan,nan,0
363.1119689941406,nan,nan,nan,0.2610322833181399,0
363.17221525392455,0.3408731723166214,nan,nan,nan,7
364.9642331498866,nan,nan,nan,0.14147716489656745,1
365.15748435564143,nan,nan,nan,1.1509939589026585,3
366.10910050385115,nan,1.4875351776678516,nan,nan,1
366.1607466673534,nan,nan,nan,0.25513305927163793,1
366.19129971464605,0.5683817050395503,nan,nan,nan,2
367.0816175698991,nan,0.3308154335916226,nan,nan,0
367.16762582070936,nan,nan,nan,0.3606467693931293,0
370.1906297440232,nan,nan,nan,0.510728153270025,0
371.17464268252,nan,nan,nan,3.593146537173436,1
372.1777265980385,nan,nan,nan,0.7344269167246882,0
372.3192138671875,0.31629882969460266,nan,nan,nan,0
374.2902704404976,nan,0.5733915268370747,nan,nan,3
376.1541753814855,nan,nan,nan,0.40303423641177577,1
379.25217721304847,0.21581703683280712,nan,nan,nan,7
382.0828895147594,nan,0.7532131171414296,nan,nan,1
383.07777509072946,nan,0.26089926002623787,nan,nan,0
383.10160079757486,nan,nan,nan,1.4875379097374557,5
383.2042136086484,nan,nan,0.3630470015442877,nan,8
384.1051273034757,nan,nan,nan,0.3381015015999542,0
385.1902472017502,nan,nan,nan,0.4954963763387608,0
386.32693466880244,nan,1.4358961641139902,nan,nan,1
399.1783952292787,nan,nan,nan,0.8354462262333334,5
401.1668940694435,nan,nan,nan,0.39990736729710386,1
405.2038189161278,nan,1.078905841369236,nan,nan,0
409.05746435334066,nan,nan,nan,0.272324159937191,1
414.3218625188511,nan,0.37546592429187803,nan,nan,2
419.31613677203285,0.3271186001142498,nan,nan,nan,5
422.23063834063703,nan,0.20971299490625311,nan,nan,0
427.1858871860735,nan,0.5834870750284737,nan,nan,0
429.24078133170485,nan,nan,nan,0.3099675944200193,0
438.1972212886113,nan,nan,0.2811602481699662,nan,8
441.18901928894155,nan,nan,nan,0.6468339603152026,2
443.1597595214844,nan,0.4414042301012906,nan,nan,0
445.277347068959,nan,0.44347030249364855,nan,nan,0
451.1648326261859,nan,0.23823069413957787,nan,nan,1
455.1659056638003,nan,nan,nan,0.5460846770839142,7
463.0527826534023,nan,0.5878869453525006,nan,nan,0
467.1023029548431,nan,nan,0.273566067139717,nan,0
468.1915519744619,nan,0.2870622242646093,nan,nan,5
469.0699425383557,nan,0.4417024774474823,nan,nan,0
471.1461585842344,nan,nan,nan,0.4906203249072591,1
473.1469367853531,nan,0.3120955829031392,nan,nan,2
483.07652023448327,nan,nan,nan,0.28229915592383464,0
485.04351790323733,nan,0.3028352766537044,nan,nan,0
499.164520517899,nan,nan,nan,1.048106325520254,5
500.16775298720927,nan,nan,nan,0.3294735799408134,2
501.1791402435891,nan,nan,nan,0.11477159538024127,3
503.3777770996094,0.18492455602101143,nan,nan,nan,0
514.3167714669078,nan,0.5849794569495762,nan,nan,2
521.136298267129,0.1129538822736999,nan,nan,nan,1
522.2030395816453,nan,0.09004473260814662,nan,nan,0
538.1630460096956,0.08721678592006057,nan,nan,nan,2
547.4038794974333,nan,nan,0.11525169385318486,nan,0
596.1712646484375,nan,nan,nan,0.06803748212422707,0
599.1268029715504,nan,0.14955128958514724,nan,nan,0
616.8347711243265,nan,nan,nan,0.17415833259452734,7
667.177012337683,nan,nan,0.11026381653989176,nan,0
